id,type,agency,program_type,name,address1,address2,address3,city,state,zip,lat,lon,geo_accuracy,contact_first_name,contact_last_name,date_first_record,date_recent_record,notes,phone,fax,url,email,created_at,updated_at
4,ICE ERO Field Office,ICE,,Atlanta Field Office,180 Ted Turner Dr. SW Suite 522,,,Atlanta,GA,30303,33.7495669,-84.3973298,precise,,,2016-07-26,2016-07-29,,(404) 893-1210,,https://www.ice.gov/contact/ero#wcm-survey-target-id,Atlanta.Outreach@ice.dhs.gov,2018-07-10 19:44:58.934400+00:00,2018-07-11 06:46:46.973700+00:00
5,ICE ERO Field Office,ICE,,SND Field Office,,,,,,,,,,,,2015-12-22,2017-01-22,,,,https://www.ice.gov/contact/ero#wcm-survey-target-id,,2018-07-10 19:44:58.934400+00:00,2018-07-11 06:46:47.152500+00:00
6,ICE ERO Field Office,ICE,,San Diego Field Office,880 Front Street #2232,,,San Diego,CA,92101,32.7143257,-117.1653527,precise,,,2015-08-08,2016-09-26,,(619) 436-0410,,https://www.ice.gov/contact/ero#wcm-survey-target-id,SanDiego.Outreach@ice.dhs.gov,2018-07-10 19:44:58.934400+00:00,2018-07-11 06:46:47.333600+00:00
7,ICE ERO Field Office,ICE,,Newark Field Office,970 Broad St. 11th Floor,,,Newark,NJ,7102,40.7301363,-74.1742268,precise,,,2016-02-17,2016-05-06,,(973) 645-3666,,https://www.ice.gov/contact/ero#wcm-survey-target-id,Newark.Outreach@ice.dhs.gov,2018-07-10 19:44:58.934400+00:00,2018-07-11 06:46:47.514800+00:00
8,ICE ERO Field Office,ICE,,San Antonio Field Office,1777 NE Loop 410 Floor 15,,,San Antonio,TX,78217,29.517365,-98.4368439,precise,,,2015-07-26,2016-04-26,,(210) 283-4750,,https://www.ice.gov/contact/ero#wcm-survey-target-id,SanAntonio.Outreach@ice.dhs.gov,2018-07-10 19:44:58.934400+00:00,2018-07-11 06:46:47.689000+00:00
9,ICE ERO Field Office,ICE,,Phoenix Field Office,2035 N. Central Avenue,,,Phoenix,AZ,85004,33.4708278,-112.0731136,precise,,,2015-09-05,2016-01-06,,(602) 766-7030,,https://www.ice.gov/contact/ero#wcm-survey-target-id,Phoenix.Outreach@ice.dhs.gov,2018-07-10 19:44:58.934400+00:00,2018-07-11 06:46:47.861700+00:00
10,ICE ERO Field Office,ICE,,Los Angeles Field Office,300 North Los Angeles St. Room 7631,,,Los Angeles,CA,90012,34.0537633,-118.2397336,precise,,,2015-12-26,2016-09-26,,(213) 830-7911,,https://www.ice.gov/contact/ero#wcm-survey-target-id,LosAngeles.Outreach@ice.dhs.gov,2018-07-10 19:44:58.934400+00:00,2018-07-11 06:46:48.029500+00:00
12,ICE or Shared Facility,,JUVENILE,ABRAXAS ACADEMY DETENTION CENTER,,,,New Morgan,,,40.1917776,-75.915922,,,,2017-02-24,2018-04-20,,,,,,2018-07-10 19:44:58.934400+00:00,2018-07-11 06:46:48.199900+00:00
13,ICE or Shared Facility,,DIGSA,ADELANTO ICE PROCESSING CENTER,,,,Adelanto,,,34.5582778,-117.4418355,,,,2018-04-16,2018-04-19,,,,,,2018-07-10 19:44:58.934400+00:00,2018-07-11 06:46:48.379300+00:00
14,ICE or Shared Facility,ICE,FAMILY,ARTESIA FAMILY RESIDENTIAL CENTER,,,,Artesia,New Mexico,,32.8423345,-104.4032963,,,,2014-07-19,2014-12-18,,,,,,2018-07-10 19:44:58.934400+00:00,2018-07-11 06:46:48.547000+00:00
15,ICE or Shared Facility,ICE,HOLD,ATLANTA DISTRICT HOLD ROOM,,,,Atlanta,Georgia,,33.7490987,-84.3901849,,,,2016-01-02,2018-03-14,,,,,,2018-07-10 19:44:58.934400+00:00,2018-07-11 06:46:48.724200+00:00
16,ICE or Shared Facility,ICE,HOLD,AUSTIN DRO HOLD ROOM,,,,Austin,Texas,,30.30758105,-97.712630246401,,,,2016-01-07,2016-01-07,,,,,,2018-07-10 19:44:58.934400+00:00,2018-07-11 06:46:48.896800+00:00
17,ICE or Shared Facility,ICE,HOLD,AZ REM OP COORD CENTER (AROCC),,,,Phoenix,Arizona,,33.4485866,-112.0773456,,,,2017-08-29,2017-10-14,,,,,,2018-07-10 19:44:58.934400+00:00,2018-07-11 06:46:49.066300+00:00
18,ICE or Shared Facility,ICE,HOLD,BALTIMORE DD&P,,,,Baltimore,Maryland,,39.2908816,-76.610759,,,,2016-08-24,2018-03-12,,,,,,2018-07-10 19:44:58.934400+00:00,2018-07-11 06:46:49.249100+00:00
29,ICE or Shared Facility,ICE,FAMILY,BERKS COUNTY FAMILY SHELTER,,,,Leesport,Pennsylvania,,40.4470377,-75.9663222,,,,2015-01-12,2018-04-30,,,,,,2018-07-10 19:44:58.934400+00:00,2018-07-11 06:46:49.423300+00:00
30,ICE or Shared Facility,ICE,HOLD,BERKS HOLD ROOM,,,,Spring Ridge,,,40.3451566,-75.9927652,,,,2018-02-20,2018-02-20,,,,,,2018-07-10 19:44:58.934400+00:00,2018-07-11 06:46:49.594500+00:00
35,ICE or Shared Facility,,IGSA,BOSQUE COUNTY SHERIFF'S DEPT.,,,,Meridian,,,31.9232085,-97.6566894,,,,2016-05-05,2016-05-05,,,,,,2018-07-10 19:44:58.934400+00:00,2018-07-11 06:46:49.945300+00:00
36,ICE or Shared Facility,ICE,HOLD,BOSTON HOLD ROOM,,,,Boston,Massachusetts,,42.3602534,-71.0582912,,,,2016-05-26,2018-04-19,,,,,,2018-07-10 19:44:58.934400+00:00,2018-07-11 06:46:50.116300+00:00
37,ICE or Shared Facility,,STAGING,BROADVIEW SERVICE STAGING,,,,Chicago,Illinois,,41.8755616,-87.6244212,,,,2016-01-02,2016-01-03,,,,,,2018-07-10 19:44:58.934400+00:00,2018-07-11 06:46:50.297300+00:00
38,ICE or Shared Facility,ICE,HOLD,BUFFALO HOLD ROOM,,,,Buffalo,New York,,42.8867166,-78.8783922,,,,2016-01-05,2018-03-19,,,,,,2018-07-10 19:44:58.934400+00:00,2018-07-11 06:46:50.466200+00:00
39,ICE or Shared Facility,,JUVENILE,CARVER COUNTY JUVENILE DETENTION CENTER,,,,Jordan,,,44.6932798,-93.6145005,,,,2017-10-25,2017-10-26,,,,,,2018-07-10 19:44:58.934400+00:00,2018-07-11 06:46:50.637400+00:00
41,ICE or Shared Facility,,USMS IGA,CHARLESTON COUNTY DETENTION CENTER,,,,North Charleston,,,32.8442477,-80.0149771,,,,2016-01-02,2017-07-13,,,,,,2018-07-10 19:44:58.934400+00:00,2018-07-11 06:46:50.806800+00:00
42,ICE or Shared Facility,ICE,HOLD,CHARLOTTE HOLD ROOM,,,,Charlotte,Virgin Islands,,18.341137,-64.932789,,,,2016-01-02,2018-04-04,,,,,,2018-07-10 19:44:58.934400+00:00,2018-07-11 06:46:50.989100+00:00
45,ICE or Shared Facility,,IGSA,COBB COUNTY JAIL,,,,Marietta,Georgia,,33.9528472,-84.5496148,,,,2018-03-10,2018-03-13,,,,,,2018-07-10 19:44:58.934400+00:00,2018-07-11 06:46:51.162200+00:00
46,ICE or Shared Facility,ICE,HOLD,"COLUMBIA, SC HOLDROOM",,,,,,,,,,,,2016-01-02,2016-01-02,,,,,,2018-07-10 19:44:58.934400+00:00,2018-07-11 06:46:51.345800+00:00
47,ICE or Shared Facility,,Other,COMFORT SUITES HOTEL,,,,Miami,Florida,,25.7742658,-80.1936589,,,,2015-03-08,2018-04-28,,,,,,2018-07-10 19:44:58.934400+00:00,2018-07-11 06:46:51.517300+00:00
48,ICE or Shared Facility,,JUVENILE,COWLITZ COUNTY JUVENILE,,,,Longview,,,46.1405876,-122.9198166,,,,2017-09-02,2018-04-25,,,,,,2018-07-10 19:44:58.934400+00:00,2018-07-11 06:46:51.687600+00:00
52,ICE or Shared Facility,,USMS IGA,CUMBERLAND COUNTY JAIL,,,,Portland,Maine,,43.6610277,-70.2548596,,,,2017-09-21,2017-09-22,,,,,,2018-07-10 19:44:58.934400+00:00,2018-07-11 06:46:51.863000+00:00
53,ICE or Shared Facility,ICE,HOLD,DALLAS FIELD OFFICE HOLD ROOM,,,,Dallas,,,32.7776102,-96.8079326,,,,2016-01-02,2016-01-07,,,,,,2018-07-10 19:44:58.934400+00:00,2018-07-11 06:46:52.040800+00:00
55,ICE or Shared Facility,ICE,HOLD,DEL RIO HOLD ROOM,,,,Del Rio,,,29.3708857,-100.8958674,,,,2016-06-14,2017-12-08,,,,,,2018-07-10 19:44:58.934400+00:00,2018-07-11 06:46:52.211900+00:00
56,ICE or Shared Facility,,USMS IGA,EAST HIDALGO DETENTION CENTER,,,,La Villa,Texas,,31.8160381,-99.5120986,,,,2017-12-12,2017-12-14,,,,,,2018-07-10 19:44:58.934400+00:00,2018-07-11 06:46:52.393900+00:00
57,ICE or Shared Facility,,IGSA,EDDY COUNTY JAIL,,,,Carlsbad,New Mexico,,32.4207262,-104.2287757,,,,2016-05-28,2017-11-29,,,,,,2018-07-10 19:44:58.934400+00:00,2018-07-11 06:46:52.577200+00:00
58,ICE or Shared Facility,ICE,HOLD,EL PASO BOEING DR HOLDROOM,,,,El Paso,Texas,,31.7600372,-106.487287,,,,2014-07-19,2017-10-19,,,,,,2018-07-10 19:44:58.934400+00:00,2018-07-11 06:46:52.757200+00:00
59,ICE or Shared Facility,ICE,HOLD,EL PASO HOLD ROOM,,,,El Paso,Texas,,31.7600372,-106.487287,,,,2015-09-07,2018-04-25,,,,,,2018-07-10 19:44:58.934400+00:00,2018-07-11 06:46:52.927400+00:00
60,ICE or Shared Facility,,SPC,EL PASO SERVICE PROCESSING CENTER,,,,El Paso,Texas,,31.7600372,-106.487287,,,,2015-09-10,2015-09-10,,,,,,2018-07-10 19:44:58.934400+00:00,2018-07-11 06:46:53.101400+00:00
62,ICE or Shared Facility,,STAGING,GEORGE BUSH INTERCONTINENTAL,,,,Houston,Texas,,29.7589382,-95.3676974,,,,2015-03-08,2015-08-29,,,,,,2018-07-10 19:44:58.934400+00:00,2018-07-11 06:46:53.285700+00:00
63,ICE or Shared Facility,,JUVENILE,GRAND FORKS COUNTY,,,,Grand Forks,North Dakota,,47.9078244,-97.0592028,,,,2017-10-24,2017-10-25,,,,,,2018-07-10 19:44:58.934400+00:00,2018-07-11 06:46:53.456000+00:00
64,ICE or Shared Facility,ICE,HOLD,HARLINGEN HOLD ROOM,,,,Harlingen,Texas,,26.1906306,-97.6961026,,,,2014-08-01,2017-12-01,,,,,,2018-07-10 19:44:58.934400+00:00,2018-07-11 06:46:53.623800+00:00
65,ICE or Shared Facility,,HOSPITAL,HARLINGEN MEDICAL CENTER,,,,Harlingen,Texas,,26.1906306,-97.6961026,,,,2015-04-09,2015-09-21,,,,,,2018-07-10 19:44:58.934400+00:00,2018-07-11 06:46:53.796900+00:00
67,ICE or Shared Facility,ICE,HOLD,HARTFORD OFFICE,,,,Hartford,Connecticut,,41.7645491,-72.6908673,,,,2017-01-17,2017-01-17,,,,,,2018-07-10 19:44:58.934400+00:00,2018-07-11 06:46:54.138700+00:00
72,ICE or Shared Facility,,CDF,HOUSTON CONTRACT DETENTION FACILITY,,,,Houston,Texas,,29.7589382,-95.3676974,,,,2016-01-02,2016-01-02,,,,,,2018-07-10 19:44:58.934400+00:00,2018-07-11 06:46:54.332100+00:00
73,ICE or Shared Facility,ICE,HOLD,HOUSTON FIELD OFFICE HOLD ROOM,,,,Houston,Texas,,29.7589382,-95.3676974,,,,2016-05-14,2018-02-15,,,,,,2018-07-10 19:44:58.934400+00:00,2018-07-11 06:46:54.498900+00:00
74,ICE or Shared Facility,ICE,HOLD,ICE EL PASO HOLD ROOM,,,,El Paso,Texas,,31.7600372,-106.487287,,,,2017-02-03,2017-09-15,,,,,,2018-07-10 19:44:58.934400+00:00,2018-07-11 06:46:54.669600+00:00
78,ICE or Shared Facility,,DIGSA,IMPERIAL REGIONAL DETENTION FACILITY,,,,Calexico,California,,32.6790572,-115.498703,,,,2017-10-07,2018-03-21,,,,,,2018-07-10 19:44:58.934400+00:00,2018-07-11 06:46:54.847300+00:00
79,ICE or Shared Facility,ICE,HOLD,INDIANAPOLIS HOLD ROOM,,,,Indianapolis,Indiana,,39.7683331,-86.1583502,,,,2018-03-23,2018-03-23,,,,,,2018-07-10 19:44:58.934400+00:00,2018-07-11 06:46:55.017500+00:00
80,ICE or Shared Facility,ICE,HOLD,INS AIRPORT HOLD,,,,,,,,,,,,2017-03-03,2017-09-20,,,,,,2018-07-10 19:44:58.934400+00:00,2018-07-11 06:46:55.191300+00:00
83,ICE or Shared Facility,ICE,HOLD,JACKSON MS HOLD ROOM,,,,Jackson,,,32.2987573,-90.1848103,,,,2017-08-16,2018-01-25,,,,,,2018-07-10 19:44:58.934400+00:00,2018-07-11 06:46:55.384700+00:00
84,ICE or Shared Facility,ICE,HOLD,KANSAS CITY HOLDROOM,,,,Kansas City,Missouri,,39.100105,-94.5781416,,,,2016-01-02,2016-01-02,,,,,,2018-07-10 19:44:58.934400+00:00,2018-07-11 06:46:55.554600+00:00
85,ICE or Shared Facility,,USMS IGA,KARNES COUNTY CORRECTIONAL CENTER,,,,Karnes City,,,28.8834494,-97.9117754,,,,2015-09-26,2017-11-01,,,,,,2018-07-10 19:44:58.934400+00:00,2018-07-11 06:46:55.727900+00:00
86,ICE or Shared Facility,ICE,FAMILY,KARNES COUNTY RESIDENTIAL CENTER,,,,Karnes City,Texas,,28.8849772,-97.9008356,,,,2014-08-01,2018-04-30,,,,,,2018-07-10 19:44:58.934400+00:00,2018-07-11 06:46:55.901600+00:00
88,ICE or Shared Facility,,SPC,KROME NORTH SERVICE PROCESSING CENTER,,,,Miami,Florida,,25.7742658,-80.1936589,,,,2016-09-23,2016-09-23,,,,,,2018-07-10 19:44:58.934400+00:00,2018-07-11 06:46:56.075900+00:00
89,ICE or Shared Facility,ICE,HOLD,KROME/MIAMI HUB,,,,Miami,Florida,,25.7742658,-80.1936589,,,,2015-01-15,2018-04-17,,,,,,2018-07-10 19:44:58.934400+00:00,2018-07-11 06:46:56.253500+00:00
31,ICE or Shared Facility,,Other,BEST WESTERN DRAGON GATE INN,,,,Los Angeles,California,,34.1430079,-118.14176172581,,,,2017-05-15,2018-04-19,,,,,,2018-07-10 19:44:58.934400+00:00,2018-07-11 06:46:49.772100+00:00
97,ICE or Shared Facility,,JUVENILE,MAINE YOUTH CENTER - LONG CREEK,,,,South Portland,,,43.6389162,-70.3091097,,,,2017-09-28,2018-04-20,,,,,,2018-07-10 19:44:58.934400+00:00,2018-07-11 06:46:57.151800+00:00
98,ICE or Shared Facility,ICE,HOLD,MANCHESTER HOLDROOM,,,,Manchester,New Hampshire,,42.9956397,-71.4547891,,,,2017-12-22,2017-12-22,,,,,,2018-07-10 19:44:58.934400+00:00,2018-07-11 06:46:57.334400+00:00
99,ICE or Shared Facility,ICE,HOLD,MEMPHIS HOLD ROOM,,,,Memphis,Tennessee,,35.1490215,-90.0516285,,,,2017-05-09,2018-02-27,,,,,,2018-07-10 19:44:58.934400+00:00,2018-07-11 06:46:57.504000+00:00
101,ICE or Shared Facility,ICE,HOLD,MIAMI DISTRICT,,,,Miami,,,25.8134218,-80.1934285,,,,2017-07-23,2017-07-23,,,,,,2018-07-10 19:44:58.934400+00:00,2018-07-11 06:46:57.676200+00:00
102,ICE or Shared Facility,ICE,HOLD-STAGING,MIAMI STAGING FACILITY,,,,Miami,Florida,,25.7742658,-80.1936589,,,,2015-08-29,2018-03-10,,,,,,2018-07-10 19:44:58.934400+00:00,2018-07-11 06:46:57.854100+00:00
103,ICE or Shared Facility,,USMS IGA,MIDLAND COUNTY DETENTION CENTER,,,,Midland,,,31.993633,-102.0748631,,,,2017-08-14,2018-04-18,,,,,,2018-07-10 19:44:58.934400+00:00,2018-07-11 06:46:58.026500+00:00
106,ICE or Shared Facility,,In Transit,"MVM TRANSPORT, EL PASO",,,,El Paso,,,31.708169,-106.271528,,,,2016-03-21,2018-04-29,,,,,,2018-07-10 19:44:58.934400+00:00,2018-07-11 06:46:58.199300+00:00
107,ICE or Shared Facility,,In Transit,"MVM TRANSPORT, PHOENIX",,,,,,,,,,,,2016-03-18,2018-04-30,,,,,,2018-07-10 19:44:58.934400+00:00,2018-07-11 06:46:58.384300+00:00
108,ICE or Shared Facility,,In Transit,"MVM TRANSPORT, SAN ANTONIO PROPER",,,,San Antonio,Texas,,29.4246002,-98.4951405,,,,2015-09-08,2015-09-08,,,,,,2018-07-10 19:44:58.934400+00:00,2018-07-11 06:46:58.555600+00:00
109,ICE or Shared Facility,,In Transit,"MVM TRANSPORT, SAN DIEGO",,,,,,,,,,,,2016-03-10,2018-04-29,,,,,,2018-07-10 19:44:58.934400+00:00,2018-07-11 06:46:58.728900+00:00
110,ICE or Shared Facility,,In Transit,"MVN TRANSPORTATION, SNA",,,,Rancho Cucamonga,California,,34.1033192,-117.5751735,,,,2015-06-21,2018-04-24,,,,,,2018-07-10 19:44:58.934400+00:00,2018-07-11 06:46:58.910400+00:00
112,ICE or Shared Facility,,Other,"NEIGHBOR-FAMILY, STONE MOUNTAIN",,,,,,,33.817728,-84.121035,,,,2018-03-21,2018-03-22,,,,,,2018-07-10 19:44:58.934400+00:00,2018-07-11 06:46:59.081800+00:00
113,ICE or Shared Facility,ICE,HOLD,NEW ORLEANS DD&P,,,,,,,,,,,,2016-09-13,2018-04-18,,,,,,2018-07-10 19:44:58.934400+00:00,2018-07-11 06:46:59.281900+00:00
115,ICE or Shared Facility,,IGSA,NORTHERN OREGON CORRECTIONAL FACILITY,,,,The Dalles,Oregon,,45.6015056,-121.1841587,,,,2017-12-27,2017-12-28,,,,,,2018-07-10 19:44:58.934400+00:00,2018-07-11 06:46:59.636300+00:00
116,ICE or Shared Facility,,JUVENILE,NORTHERN OREGON JUVENILE DETENTION,,,,The Dalles,,,45.6134181,-121.201634,,,,2017-03-15,2018-04-14,,,,,,2018-07-10 19:44:58.934400+00:00,2018-07-11 06:46:59.814500+00:00
117,ICE or Shared Facility,,JUVENILE,NORTHERN VIRGINIA JUVENILE DETENTION CENTER,,,,Alexandria,Virginia,,38.8147596,-77.0902476527272,,,,2017-08-31,2018-04-25,,,,,,2018-07-10 19:44:58.934400+00:00,2018-07-11 06:46:59.994100+00:00
118,ICE or Shared Facility,,CDF,NORTHWEST DETENTION CENTER,,,,Tacoma,Washington,,47.2495798,-122.4398746,,,,2017-08-09,2017-12-28,,,,,,2018-07-10 19:44:58.934400+00:00,2018-07-11 06:47:00.165100+00:00
119,ICE or Shared Facility,ICE,HOLD,NYC FIELD OFFICE,,,,NYC,,,40.7708901,-73.9917721,,,,2017-03-08,2017-12-13,,,,,,2018-07-10 19:44:58.934400+00:00,2018-07-11 06:47:00.355500+00:00
120,ICE or Shared Facility,ICE,HOLD,OKLAHOMA CITY HOLD ROOM,,,,Oklahoma City,Oklahoma,,35.5377266,-97.5103397,,,,2017-07-26,2017-07-26,,,,,,2018-07-10 19:44:58.934400+00:00,2018-07-11 06:47:00.528800+00:00
121,ICE or Shared Facility,ICE,HOLD,ORLANDO HOLD ROOM,,,,Orlando,Florida,,28.5421097,-81.3790388,,,,2018-01-17,2018-02-08,,,,,,2018-07-10 19:44:58.934400+00:00,2018-07-11 06:47:00.696600+00:00
122,ICE or Shared Facility,,"USMS IGA, USMS CDF",OTAY MESA DETENTION CENTER (SAN DIEGO CDF),,,,,,,32.5758154,-116.9138472,,,,2016-04-01,2017-06-12,,,,,,2018-07-10 19:44:58.934400+00:00,2018-07-11 06:47:00.870200+00:00
123,ICE or Shared Facility,,DIGSA,OTERO COUNTY PROCESSING CENTER,,,,Chaparral,New Mexico,,32.0421775,-106.436666495872,,,,2017-02-03,2017-02-03,,,,,,2018-07-10 19:44:58.934400+00:00,2018-07-11 06:47:01.048800+00:00
125,ICE or Shared Facility,ICE,HOLD,PHILADELPHIA DISTRICT OFFICE HOLD ROOM,,,,Philadelphia,,,39.9611552,-75.16278,,,,2017-06-13,2018-04-06,,,,,,2018-07-10 19:44:58.934400+00:00,2018-07-11 06:47:01.223800+00:00
126,ICE or Shared Facility,ICE,HOLD,PHOENIX DISTRICT OFFICE,,,,Phoenix,Arizona,,33.4485866,-112.0773456,,,,2015-01-22,2018-04-30,,,,,,2018-07-10 19:44:58.934400+00:00,2018-07-11 06:47:01.403400+00:00
129,ICE or Shared Facility,,SPC,PORT ISABEL,,,,Port Isabel,Texas,,26.0734119,-97.2085844,,,,2018-02-08,2018-04-12,,,,,,2018-07-10 19:44:58.934400+00:00,2018-07-11 06:47:01.747300+00:00
130,ICE or Shared Facility,ICE,HOLD,PORTLAND DISTRICT OFFICE,,,,Portland,Oregon,,45.5202471,-122.6741949,,,,2017-08-09,2018-01-12,,,,,,2018-07-10 19:44:58.934400+00:00,2018-07-11 06:47:01.920700+00:00
131,ICE or Shared Facility,,Other,QUALITY SUITES,,,,San Diego,California,,32.7174209,-117.1627714,,,,2015-12-17,2018-04-24,,,,,,2018-07-10 19:44:58.934400+00:00,2018-07-11 06:47:02.093700+00:00
132,ICE or Shared Facility,ICE,HOLD,RALEIGH HOLD ROOM,,,,Raleigh,North Carolina,,35.7803977,-78.6390989,,,,2017-02-24,2018-04-13,,,,,,2018-07-10 19:44:58.934400+00:00,2018-07-11 06:47:02.283600+00:00
133,ICE or Shared Facility,,Other,RED ROOF INN,,,,,,,,,,,,2016-10-03,2018-04-24,,,,,,2018-07-10 19:44:58.934400+00:00,2018-07-11 06:47:02.453600+00:00
134,ICE or Shared Facility,,USMS IGA,RIO GRANDE DETENTION CENTER,,,,Laredo,Texas,,27.5060991,-99.5088979,,,,2017-09-26,2018-03-15,,,,,,2018-07-10 19:44:58.934400+00:00,2018-07-11 06:47:02.625900+00:00
135,ICE or Shared Facility,ICE,HOLD,SAINT ALBANS HOLD ROOM,,,,Saint Albans,New York,,40.6984364,-73.7606881,,,,2016-07-13,2017-03-03,,,,,,2018-07-10 19:44:58.934400+00:00,2018-07-11 06:47:02.797300+00:00
136,ICE or Shared Facility,ICE,HOLD,SALT LAKE CITY  HOLD ROOM,,,,Salt Lake City,Utah,,40.7879394,-111.9783931,,,,2018-04-25,2018-04-25,,,,,,2018-07-10 19:44:58.934400+00:00,2018-07-11 06:47:02.966300+00:00
137,ICE or Shared Facility,ICE,HOLD,SAN ANTONIO DRO HOLD ROOM,,,,San Antonio,Texas,,29.4246002,-98.4951405,,,,2015-01-13,2016-08-30,,,,,,2018-07-10 19:44:58.934400+00:00,2018-07-11 06:47:03.141200+00:00
138,ICE or Shared Facility,ICE,HOLD-STAGING,SAN DIEGO DISTRICT STAGING,,,,San Diego,California,,32.7174209,-117.1627714,,,,2015-12-16,2018-04-29,,,,,,2018-07-10 19:44:58.934400+00:00,2018-07-11 06:47:03.327300+00:00
139,ICE or Shared Facility,,USMS IGA,SAN LUIS REGIONAL DETENTION CENTER,,,,San Luis,Arizona,,-33.2816574,-66.3431294,,,,2016-04-19,2018-04-16,,,,,,2018-07-10 19:44:58.934400+00:00,2018-07-11 06:47:03.498100+00:00
140,ICE or Shared Facility,ICE,HOLD,SEATTLE FIELD OFFICE HOLD ROOM,,,,Seattle,Washington,,47.6038321,-122.3300624,,,,2016-06-23,2016-06-23,,,,,,2018-07-10 19:44:58.934400+00:00,2018-07-11 06:47:03.668200+00:00
141,ICE or Shared Facility,ICE,HOLD,SFR HOLD ROOM,,,,,,,,,,,,2017-06-28,2017-07-13,,,,,,2018-07-10 19:44:58.934400+00:00,2018-07-11 06:47:03.838100+00:00
143,ICE or Shared Facility,,JUVENILE,SNAKE RIVER JUVENILE,,,,Twin Falls,,,42.5436604,-114.4328174,,,,2017-11-05,2017-11-07,,,,,,2018-07-10 19:44:58.934400+00:00,2018-07-11 06:47:04.004900+00:00
144,ICE or Shared Facility,ICE,HOLD,SOUIX FALLS HOLD ROOM,,,,Sioux Falls,South Dakota,,43.5499749,-96.700327,,,,2016-05-19,2017-01-04,,,,,,2018-07-10 19:44:58.934400+00:00,2018-07-11 06:47:04.176600+00:00
145,ICE or Shared Facility,,IGSA,SOUTH BAY DETENT FACILITY,,,,,,,,,,,,2017-08-25,2017-08-25,,,,,,2018-07-10 19:44:58.934400+00:00,2018-07-11 06:47:04.359200+00:00
147,ICE or Shared Facility,ICE,FAMILY,SOUTH TEXAS FAMILY RESIDENTIAL CENTER,,,,Dilley,Texas,,28.6674802,-99.1705887,,,,2014-12-20,2018-04-30,,,,,,2018-07-10 19:44:58.934400+00:00,2018-07-11 06:47:04.705800+00:00
148,ICE or Shared Facility,ICE,CDF,SOUTH TEXAS ICE PROCESSING CENTER,,,,Pearsall,,,28.8949691,-99.1212384,,,,2018-01-27,2018-04-20,,,,,,2018-07-10 19:44:58.934400+00:00,2018-07-11 06:47:04.887900+00:00
149,ICE or Shared Facility,ICE,HOLD,SOUTH TEXAS/PEARSALL HOLD ROOM,,,,Pearsall,Texas,,28.8921939,-99.095033,,,,2015-05-01,2015-09-08,,,,,,2018-07-10 19:44:58.934400+00:00,2018-07-11 06:47:05.057600+00:00
159,ICE or Shared Facility,,DIGSA,STEWART DETENTION CENTER,,,,Lumpkin,Georgia,,34.5546076,-83.9926806,,,,2017-07-13,2017-08-13,,,,,,2018-07-10 19:44:58.934400+00:00,2018-07-11 06:47:05.228800+00:00
169,ICE or Shared Facility,ICE,FAMILY,T DON HUTTO RESIDENTIAL CENTER,,,,Taylor,Texas,,30.5728854,-97.4141053,,,,2018-02-09,2018-02-14,,,,,,2018-07-10 19:44:58.934400+00:00,2018-07-11 06:47:05.407400+00:00
170,ICE or Shared Facility,,CDF,TACOMA ICE PROCESSING CENTER (NORTHWEST DET CTR),,,,Tacoma,,,47.2492353,-122.4212095,,,,2018-01-02,2018-03-23,,,,,,2018-07-10 19:44:58.934400+00:00,2018-07-11 06:47:05.587100+00:00
171,ICE or Shared Facility,ICE,HOLD,TALLAHASSEE HOLD ROOM,,,,Tallahassee,,,30.4382559,-84.2807329,,,,2016-07-29,2016-07-31,,,,,,2018-07-10 19:44:58.934400+00:00,2018-07-11 06:47:05.760300+00:00
172,ICE or Shared Facility,,In Transit,TRANSPORT ONLY NO DETENTION-HLG,,,,,,,,,,,,2016-04-05,2017-12-19,,,,,,2018-07-10 19:44:58.934400+00:00,2018-07-11 06:47:05.935100+00:00
173,ICE or Shared Facility,ICE,HOLD,"U.S. IMMIGRATION, DETROIT",,,,Detroit,,,42.367872,-82.9702338,,,,2016-11-16,2017-01-24,,,,,,2018-07-10 19:44:58.934400+00:00,2018-07-11 06:47:06.109500+00:00
175,ICE or Shared Facility,ICE,HOLD,US INS/DETENTION & DEPORTATION,,,,,,,,,,,,2016-06-07,2016-06-07,,,,,,2018-07-10 19:44:58.934400+00:00,2018-07-11 06:47:06.288300+00:00
176,ICE or Shared Facility,,USMS IGA,VAL VERDE CORRECTIONAL FACILITY,,,,Del Rio,,,29.3731905,-100.8478671,,,,2015-04-11,2017-11-23,,,,,,2018-07-10 19:44:58.934400+00:00,2018-07-11 06:47:06.458300+00:00
177,ICE or Shared Facility,ICE,HOLD-OTHER,VARICK STREET DETENTION CENTER,,,,NYC,,,40.7283398,-74.0062211,,,,2015-01-12,2017-07-10,,,,,,2018-07-10 19:44:58.934400+00:00,2018-07-11 06:47:06.632800+00:00
178,ICE or Shared Facility,ICE,HOLD,WASHINGTON FIELD OFFICE,,,,Fairfax,Virginia,,38.8462236,-77.3063733,,,,2016-01-02,2017-09-01,,,,,,2018-07-10 19:44:58.934400+00:00,2018-07-11 06:47:06.810400+00:00
179,ICE or Shared Facility,,USMS IGA,WEBB COUNTY DETENTION CENTER (CCA),,,,Laredo,,,27.3698984,-99.4898939,,,,2017-12-18,2017-12-27,,,,,,2018-07-10 19:44:58.934400+00:00,2018-07-11 06:47:06.983600+00:00
180,ICE or Shared Facility,,IGSA,WHITFIELD COUNTY JAIL,,,,Dalton,Georgia,,34.7691867,-84.9702475,,,,2017-12-18,2017-12-20,,,,,,2018-07-10 19:44:58.934400+00:00,2018-07-11 06:47:07.159900+00:00
183,ICE or Shared Facility,,IGSA,YORK COUNTY PRISON,,,,Springettsbury Township,,,39.9862469,-76.6629631,,,,2017-10-24,2017-10-24,,,,,,2018-07-10 19:44:58.934400+00:00,2018-07-11 06:47:07.510400+00:00
187,ICE or Shared Facility,ICE,HOLD,YUMA HOLDROOM,,,,Yuma,Arizona,,32.7253249,-114.624397,,,,2015-06-12,2017-11-25,,,,,,2018-07-10 19:44:58.934400+00:00,2018-07-11 06:47:07.678700+00:00
189,ICE ERO Field Office,ICE,,New York Field Office,26 Federal Plaza 9th Floor,Suite 9-110,,New York,NY,10278,,,,,,2016-02-26,2016-02-26,,(212) 264-4213,,https://www.ice.gov/contact/ero#wcm-survey-target-id,,2018-07-10 19:44:58.934400+00:00,2018-07-11 06:47:08.030700+00:00
190,ICE ERO Field Office,ICE,,OAK Field Office,,,,,,,,,,,,2017-01-12,2017-03-25,,,,,,2018-07-10 19:44:58.934400+00:00,2018-07-11 06:47:08.202400+00:00
94,ICE or Shared Facility,ICE,HOLD,LOS ANGELES CUSTODY CASE,,,,LA,,,34.0559856,-118.2479362,,,,2017-05-15,2018-04-19,,,,,,2018-07-10 19:44:58.934400+00:00,2018-07-11 06:46:56.811500+00:00
193,ORR Affiliated Facility,,Long Term Foster Care,Abbott House LTFC,,,,,,,,,,,,2015-08-02,2018-05-15,,,,,,2018-07-10 19:44:58.934400+00:00,2018-07-11 06:47:08.726200+00:00
194,ORR Affiliated Facility,,Shelter,Abbott House Shelter,,,,,,,,,,,,2015-08-02,2018-05-15,,,,,,2018-07-10 19:44:58.934400+00:00,2018-07-11 06:47:08.904300+00:00
195,ORR Affiliated Facility,,Shelter,BCFS Baytown,,,,Lynchburg,,,29.783809,-95.0565611,,,,2015-10-07,2018-05-15,,,,,,2018-07-10 19:44:58.934400+00:00,2018-07-11 06:47:09.082200+00:00
197,ORR Affiliated Facility,,Shelter,BCFS Camp Bravo,,,,,,,,,,,,2015-12-01,2016-01-06,,,,,,2018-07-10 19:44:58.934400+00:00,2018-07-11 06:47:09.433800+00:00
198,ORR Affiliated Facility,,Shelter,BCFS Camp Charlie,,,,,,,,,,,,2015-12-07,2016-01-06,,,,,,2018-07-10 19:44:58.934400+00:00,2018-07-11 06:47:09.605500+00:00
199,ORR Affiliated Facility,,Shelter,BCFS Camp Delta,,,,,,,,,,,,2015-12-01,2016-01-06,,,,,,2018-07-10 19:44:58.934400+00:00,2018-07-11 06:47:09.775000+00:00
200,ORR Affiliated Facility,,Shelter,BCFS Camp Echo,,,,,,,,,,,,2015-12-01,2016-01-06,,,,,,2018-07-10 19:44:58.934400+00:00,2018-07-11 06:47:09.954600+00:00
201,ORR Affiliated Facility,,Long Term Foster Care,BCFS Extended Care,,,,,,,,,,,,2015-04-03,2018-05-15,,,,,,2018-07-10 19:44:58.934400+00:00,2018-07-11 06:47:10.134200+00:00
202,ORR Affiliated Facility,,Staff Secure,BCFS Fairfield,,,,Fairfield,,,38.27141,-122.05036,,,,2015-10-06,2018-05-15,,,,,,2018-07-10 19:44:58.934400+00:00,2018-07-11 06:47:10.318500+00:00
204,ORR Affiliated Facility,,Shelter,BCFS Raymondville,,,,Raymondville,,,26.4511901,-97.7982857,,,,2015-10-09,2018-05-15,,,,,,2018-07-10 19:44:58.934400+00:00,2018-07-11 06:47:10.658900+00:00
205,ORR Affiliated Facility,,Long Term Foster Care,BCFS San Antonio LTFC,,,,San Antonio,,,29.4888744,-98.5689152,,,,2011-11-04,2018-05-15,,,,,,2018-07-10 19:44:58.934400+00:00,2018-07-11 06:47:10.828100+00:00
206,ORR Affiliated Facility,,Staff Secure,BCFS San Antonio Staff Secure,,,,San Antonio,,,29.6013787,-98.472287,,,,2015-04-03,2018-05-15,,,,,,2018-07-10 19:44:58.934400+00:00,2018-07-11 06:47:11.000800+00:00
207,ORR Affiliated Facility,,Shelter,Bethany Christian Services Shelter,,,,,,,,,,,,2015-10-20,2018-05-15,,,,,,2018-07-10 19:44:58.934400+00:00,2018-07-11 06:47:11.170700+00:00
208,ORR Affiliated Facility,,Transitional Foster Care,Bethany Christian Services TFC,,,,Grand Rapids,Michigan,,42.9632405,-85.6678639,,,,2015-10-09,2018-05-15,,,,,,2018-07-10 19:44:58.934400+00:00,2018-07-11 06:47:11.360500+00:00
209,ORR Affiliated Facility,,Long Term Foster Care,Bethany LIRS,,,,,,,,,,,,2016-04-20,2018-05-15,,,,,,2018-07-10 19:44:58.934400+00:00,2018-07-11 06:47:11.529400+00:00
210,ORR Affiliated Facility,,Long Term Foster Care,Bethany USCCB,,,,,,,,,,,,2016-02-14,2018-05-15,,,,,,2018-07-10 19:44:58.934400+00:00,2018-07-11 06:47:11.699000+00:00
211,ORR Affiliated Facility,,Shelter,Board of Child Care Shelter,,,,Baltimore,Maryland,,39.2908816,-76.610759,,,,2017-07-04,2018-05-15,,,,,,2018-07-10 19:44:58.934400+00:00,2018-07-11 06:47:11.869800+00:00
212,ORR Affiliated Facility,,Transitional Foster Care,Board of Child Care TFC,,,,Baltimore,Maryland,,39.2908816,-76.610759,,,,2017-08-20,2018-05-15,,,,,,2018-07-10 19:44:58.934400+00:00,2018-07-11 06:47:12.038000+00:00
213,ORR Affiliated Facility,,Transitional Foster Care,Bokenkamp TFC,,,,,,,,,,,,2015-10-01,2018-05-15,,,,,,2018-07-10 19:44:58.934400+00:00,2018-07-11 06:47:12.207800+00:00
214,ORR Affiliated Facility,,Shelter,Brazoria County Youth Homes,,,,Freeport,Texas,,28.9541368,-95.3596617,,,,2015-10-04,2016-01-06,,,,,,2018-07-10 19:44:58.934400+00:00,2018-07-11 06:47:12.401600+00:00
215,ORR Affiliated Facility,,Shelter,Camp Bruceville,,,,Elk Grove,,,38.396703,-121.410148,,,,2014-04-30,2014-05-26,,,,,,2018-07-10 19:44:58.934400+00:00,2018-07-11 06:47:12.574500+00:00
216,ORR Affiliated Facility,,Shelter,Cardinal McCloskey,,,,Valhalla,New York,,41.0748189,-73.7751326,,,,2015-10-16,2017-02-01,,,,,,2018-07-10 19:44:58.934400+00:00,2018-07-11 06:47:12.745300+00:00
218,ORR Affiliated Facility,,Long Term Foster Care,Catholic Family Center,,,,Rochester,New York,,43.157285,-77.615214,,,,2015-12-16,2018-05-15,,,,,,2018-07-10 19:44:58.934400+00:00,2018-07-11 06:47:13.091700+00:00
219,ORR Affiliated Facility,,Shelter,Catholic Guardian Services,,,,New York City,New York,,40.7308619,-73.9871558,,,,2015-10-07,2018-05-15,,,,,,2018-07-10 19:44:58.934400+00:00,2018-07-11 06:47:13.269300+00:00
221,ORR Affiliated Facility,,Long Term Foster Care,Catholic Guardian Services LTFC,,,,New York City,New York,,40.7308619,-73.9871558,,,,2016-08-13,2018-05-15,,,,,,2018-07-10 19:44:58.934400+00:00,2018-07-11 06:47:13.620400+00:00
222,ORR Affiliated Facility,,Transitional Foster Care,Catholic Guardian Services TFC,,,,New York City,New York,,40.7308619,-73.9871558,,,,2015-10-21,2018-05-15,,,,,,2018-07-10 19:44:58.934400+00:00,2018-07-11 06:47:13.790900+00:00
223,ORR Affiliated Facility,,Long Term Foster Care,Cayuga Centers LTFC,,,,New York City,New York,,40.7308619,-73.9871558,,,,2016-02-24,2018-05-15,,,,,,2018-07-10 19:44:58.934400+00:00,2018-07-11 06:47:13.960700+00:00
224,ORR Affiliated Facility,,Long Term Foster Care,CC Fort Worth LTFC,,,,Fort Worth,,,32.717166,-97.3727494,,,,2016-08-12,2018-05-15,,,,,,2018-07-10 19:44:58.934400+00:00,2018-07-11 06:47:14.130000+00:00
225,ORR Affiliated Facility,,Shelter,CC Fort Worth Shelter,,,,Fort Worth,,,32.7281947,-97.2763153,,,,2015-10-11,2018-05-15,,,,,,2018-07-10 19:44:58.934400+00:00,2018-07-11 06:47:14.316500+00:00
226,ORR Affiliated Facility,,Transitional Foster Care,CC Fort Worth TFC,,,,Fort Worth,,,32.7677425,-97.2346105,,,,2017-08-03,2018-02-07,,,,,,2018-07-10 19:44:58.934400+00:00,2018-07-11 06:47:14.488700+00:00
227,ORR Affiliated Facility,,Shelter,CC Houston,,,,Houston,,,29.675866,-95.521176,,,,2015-04-02,2018-05-15,,,,,,2018-07-10 19:44:58.934400+00:00,2018-07-11 06:47:14.666400+00:00
228,ORR Affiliated Facility,,Long Term Foster Care,CC Houston LTFC,,,,,,,,,,,,2015-11-01,2018-05-15,,,,,,2018-07-10 19:44:58.934400+00:00,2018-07-11 06:47:14.837100+00:00
229,ORR Affiliated Facility,,Long Term Foster Care,CC Phoenix LTFC,,,,,,,,,,,,2015-09-20,2018-05-15,,,,,,2018-07-10 19:44:58.934400+00:00,2018-07-11 06:47:15.011200+00:00
230,ORR Affiliated Facility,,Transitional Foster Care,CC Phoenix TFC,,,,Glendale,,,33.4831698,-112.089275,,,,2015-10-01,2016-08-20,,,,,,2018-07-10 19:44:58.934400+00:00,2018-07-11 06:47:15.183500+00:00
232,ORR Affiliated Facility,,Transitional Foster Care,CCS Tacoma TFC,,,,Tacoma,,,47.249669,-122.4464201,,,,2015-10-04,2016-05-06,,,,,,2018-07-10 19:44:58.934400+00:00,2018-07-11 06:47:15.536000+00:00
233,ORR Affiliated Facility,,Shelter,Center for Family Services Shelter,,,,,,,,,,,,2017-08-28,2018-05-15,,,,,,2018-07-10 19:44:58.934400+00:00,2018-07-11 06:47:15.718300+00:00
234,ORR Affiliated Facility,,Transitional Foster Care,Childrens Ctr Pelican Island TFC,,,,,,,,,,,,2015-11-29,2015-12-21,,,,,,2018-07-10 19:44:58.934400+00:00,2018-07-11 06:47:15.892800+00:00
235,ORR Affiliated Facility,,Shelter,Childrens Home of Kingston,,,,Kingston,New York,,41.9287812,-74.0023702,,,,2015-10-11,2018-05-15,,,,,,2018-07-10 19:44:58.934400+00:00,2018-07-11 06:47:16.065500+00:00
236,ORR Affiliated Facility,,Shelter,Childrens Village Shelter,,,,,,,,,,,,2015-04-03,2018-05-15,,,,,,2018-07-10 19:44:58.934400+00:00,2018-07-11 06:47:16.248000+00:00
237,ORR Affiliated Facility,,Staff Secure,Childrens Village SS,,,,Queens,New York,,40.6524927,-73.7914214158161,,,,2015-04-03,2018-05-15,,,,,,2018-07-10 19:44:58.934400+00:00,2018-07-11 06:47:16.421200+00:00
239,ORR Affiliated Facility,,Long Term Foster Care,Crittenton LTFC,,,,,,,,,,,,2014-06-12,2018-05-15,,,,,,2018-07-10 19:44:58.934400+00:00,2018-07-11 06:47:16.762700+00:00
240,ORR Affiliated Facility,,Long Term Foster Care,David and Margaret LTFC,,,,Le Verne,,,34.1032555,-117.7851163,,,,2017-07-31,2018-05-15,,,,,,2018-07-10 19:44:58.934400+00:00,2018-07-11 06:47:16.934800+00:00
241,ORR Affiliated Facility,,Shelter,Fort Bliss - Dona Ana,,,,,,,32.151054,-106.5043469,,,,2016-08-01,2017-07-08,,,,,,2018-07-10 19:44:58.934400+00:00,2018-07-11 06:47:17.101800+00:00
242,ORR Affiliated Facility,,Long Term Foster Care,Friends of Youth Colin Ferguson,,,,,,,,,,,,2014-04-30,2018-05-15,,,,,,2018-07-10 19:44:58.934400+00:00,2018-07-11 06:47:17.280500+00:00
243,ORR Affiliated Facility,,Long Term Foster Care,Friends of Youth LTFC,,,,,,,,,,,,2015-04-08,2018-05-15,,,,,,2018-07-10 19:44:58.934400+00:00,2018-07-11 06:47:17.458300+00:00
244,ORR Affiliated Facility,,Therapeutic Staff Secure,Friends of Youth Matsen,,,,,,,,,,,,2014-04-30,2018-05-15,,,,,,2018-07-10 19:44:58.934400+00:00,2018-07-11 06:47:17.628700+00:00
245,ORR Affiliated Facility,,Therapeutic Staff Secure,Friends of Youth McEachern,,,,,,,,,,,,2016-02-04,2018-05-15,,,,,,2018-07-10 19:44:58.934400+00:00,2018-07-11 06:47:17.810200+00:00
246,ORR Affiliated Facility,,Shelter,Galveston Multicultural Institute,,,,Galveston,,,29.298547,-94.799302,,,,2015-10-01,2016-01-06,,,,,,2018-07-10 19:44:58.934400+00:00,2018-07-11 06:47:17.989500+00:00
247,ORR Affiliated Facility,,Shelter,Heartland CHAP,,,,,,,,,,,,2015-10-02,2018-05-15,,,,,,2018-07-10 19:44:58.934400+00:00,2018-07-11 06:47:18.160500+00:00
248,ORR Affiliated Facility,,Shelter,Heartland Guadalupe,,,,,,,,,,,,2014-04-30,2018-05-15,,,,,,2018-07-10 19:44:58.934400+00:00,2018-07-11 06:47:18.341000+00:00
249,ORR Affiliated Facility,,Staff Secure,Heartland International Youth Center,,,,,,,,,,,,2015-10-23,2018-05-15,,,,,,2018-07-10 19:44:58.934400+00:00,2018-07-11 06:47:18.516300+00:00
250,ORR Affiliated Facility,,Shelter,Heartland Intl Childrens Center,,,,,,,,,,,,2015-10-01,2018-05-15,,,,,,2018-07-10 19:44:58.934400+00:00,2018-07-11 06:47:18.686300+00:00
251,ORR Affiliated Facility,,Shelter,Heartland Intl Childrens RC,,,,,,,,,,,,2015-08-02,2018-05-15,,,,,,2018-07-10 19:44:58.934400+00:00,2018-07-11 06:47:18.861800+00:00
252,ORR Affiliated Facility,,Shelter & Therapeutic Staff Secure,Heartland SCIY,,,,,,,,,,,,2014-03-14,2018-05-15,,,,,,2018-07-10 19:44:58.934400+00:00,2018-07-11 06:47:19.040500+00:00
253,ORR Affiliated Facility,,Shelter,Holy Family Institute,,,,Pittsburgh,Pennsylvania,,40.4416941,-79.9900861,,,,2017-07-06,2018-05-15,,,,,,2018-07-10 19:44:58.934400+00:00,2018-07-11 06:47:19.209800+00:00
254,ORR Affiliated Facility,,Transitional Foster Care,Holy Family Institute TFC ,,,,Pittsburgh,Pennsylvania,,40.4416941,-79.9900861,,,,2018-05-14,2018-05-15,,,,,,2018-07-10 19:44:58.934400+00:00,2018-07-11 06:47:19.394500+00:00
255,ORR Affiliated Facility,,Shelter,Homestead,,,,,,,,,,,,2016-06-23,2018-05-15,,,,,,2018-07-10 19:44:58.934400+00:00,2018-07-11 06:47:19.568100+00:00
256,ORR Affiliated Facility,,Transitional Foster Care,IES Brownsville,,,,Los Fresnos,,,26.0724015,-97.4765377,,,,2015-10-01,2018-03-27,,,,,,2018-07-10 19:44:58.934400+00:00,2018-07-11 06:47:19.741300+00:00
257,ORR Affiliated Facility,,Shelter,IES Casa Norma Linda,,,,Los Fresnos,,,26.0739109,-97.5296136,,,,2016-08-17,2018-03-16,,,,,,2018-07-10 19:44:58.934400+00:00,2018-07-11 06:47:19.915000+00:00
192,ORR Affiliated Facility,,Shelter,A New Leaf – Peterson,,,,Mesa,Arizona,,33.436188,-111.586066176293,,,,2016-08-02,2018-05-15,,,,,,2018-07-10 19:44:58.934400+00:00,2018-07-11 06:47:08.555800+00:00
270,ORR Affiliated Facility,,Shelter,Leake and Watts,,,,Yonkers,New York,,40.9312099,-73.8987469,,,,,,,,,,,2018-07-10 19:44:58.934400+00:00,2018-07-10 19:44:58.934400+00:00
273,ORR Affiliated Facility,,Shelter,Lincoln Hall Boys Haven,,,,Lincolndale,New York,,41.3228718,-73.7181869,,,,,,,,,,,2018-07-10 19:44:58.934400+00:00,2018-07-10 19:44:58.934400+00:00
298,ORR Affiliated Facility,,Secure,Shenandoah Valley Juvenile Center,,,,Stauton,Virginia,,38.468972,-77.436683,,,,,,,,,,,2018-07-10 19:44:58.934400+00:00,2018-07-10 19:44:58.934400+00:00
308,ORR Affiliated Facility,,Shelter,Southwest Key Casa Padre,,,,,,,,,,,,,,,,,,,2018-07-10 19:44:58.934400+00:00,2018-07-10 19:44:58.934400+00:00
260,ORR Affiliated Facility,,Transitional Foster Care,IES Hidalgo,,,,,,,,,,,,2015-10-03,2018-03-26,,,,,,2018-07-10 19:44:58.934400+00:00,2018-07-11 06:47:20.450400+00:00
261,ORR Affiliated Facility,,Shelter,IES Los Fresnos,,,,Los Fresnos,,,26.072383,-97.4765088,,,,2014-03-14,2018-03-20,,,,,,2018-07-10 19:44:58.934400+00:00,2018-07-11 06:47:20.620400+00:00
262,ORR Affiliated Facility,,Transitional Foster Care,IES Palm Valley,,,,,,,,,,,,2015-10-01,2018-03-25,,,,,,2018-07-10 19:44:58.934400+00:00,2018-07-11 06:47:20.792400+00:00
264,ORR Affiliated Facility,,Transitional Foster Care,IES Weslaco,,,,Weslaco,,,26.1490636,-97.9751665,,,,2015-10-01,2018-03-26,,,,,,2018-07-10 19:44:58.934400+00:00,2018-07-11 06:47:21.144000+00:00
266,ORR Affiliated Facility,,Long Term Foster Care,JCCA,,,,,,,,,,,,2015-08-02,2018-05-15,,,,,,2018-07-10 19:44:58.934400+00:00,2018-07-11 06:47:21.505700+00:00
267,ORR Affiliated Facility,,Shelter,KidsPeace,,,,Orefield,Pennsylvania,,40.6348182,-75.5843529,,,,2015-10-05,2018-05-15,,,,,,2018-07-10 19:44:58.934400+00:00,2018-07-11 06:47:21.675900+00:00
268,ORR Affiliated Facility,,Long Term Foster Care,KidsPeace LTFC,,,,Orefield,Pennsylvania,,40.6348182,-75.5843529,,,,2016-01-31,2018-05-15,,,,,,2018-07-10 19:44:58.934400+00:00,2018-07-11 06:47:21.844700+00:00
269,ORR Affiliated Facility,,Shelter,Lackland AFB,,,,San Antonio,Texas,,29.4246002,-98.4951405,,,,2014-04-30,2014-07-07,,,,,,2018-07-10 19:44:58.934400+00:00,2018-07-11 06:47:22.019400+00:00
271,ORR Affiliated Facility,,Long Term Foster Care,Leake and Watts LTFC,,,,Yonkers,New York,,40.9312099,-73.8987469,,,,2016-01-01,2018-05-15,,,,,,2018-07-10 19:44:58.934400+00:00,2018-07-11 06:47:22.379500+00:00
272,ORR Affiliated Facility,,Transitional Foster Care,Leake and Watts TFC,,,,Yonkers,New York,,40.9312099,-73.8987469,,,,2015-10-02,2018-05-15,,,,,,2018-07-10 19:44:58.934400+00:00,2018-07-11 06:47:22.551300+00:00
274,ORR Affiliated Facility,,Long Term Foster Care,LIRS Ascentria Care Alliance,,,,,,,,,,,,2014-03-14,2018-05-15,,,,,,2018-07-10 19:44:58.934400+00:00,2018-07-11 06:47:22.897800+00:00
276,ORR Affiliated Facility,,Transitional Foster Care,LSS Foster Care El Paso,,,,El Paso,,,31.7744036,-106.4870761,,,,2015-10-01,2016-05-06,,,,,,2018-07-10 19:44:58.934400+00:00,2018-07-11 06:47:23.240600+00:00
277,ORR Affiliated Facility,,Shelter,LSS of New York,,,,NYC,,,40.810813,-73.9636955,,,,2015-10-08,2018-05-15,,,,,,2018-07-10 19:44:58.934400+00:00,2018-07-11 06:47:23.417900+00:00
278,ORR Affiliated Facility,,Transitional Foster Care,LSS of New York TFC,,,,NYC,,,40.810813,-73.9636955,,,,2015-10-11,2018-05-15,,,,,,2018-07-10 19:44:58.934400+00:00,2018-07-11 06:47:23.594900+00:00
279,ORR Affiliated Facility,,Shelter,LSSS New Hope,,,,Mcallen,Texas,,26.2043691,-98.230082,,,,2015-10-01,2018-05-15,,,,,,2018-07-10 19:44:58.934400+00:00,2018-07-11 06:47:23.765900+00:00
280,ORR Affiliated Facility,,Long Term Foster Care,Lutheran Social Svcs of Michigan,,,,,,,,,,,,2016-04-04,2016-04-04,,,,,,2018-07-10 19:44:58.934400+00:00,2018-07-11 06:47:23.936500+00:00
281,ORR Affiliated Facility,,Shelter,Maryville Academy,,,,,,,,,,,,2017-07-06,2018-05-15,,,,,,2018-07-10 19:44:58.934400+00:00,2018-07-11 06:47:24.108100+00:00
282,ORR Affiliated Facility,,Residential Treatment Center,Mercy First RTC,,,,,,,,,,,,2014-03-14,2018-05-15,,,,,,2018-07-10 19:44:58.934400+00:00,2018-07-11 06:47:24.284700+00:00
283,ORR Affiliated Facility,,Shelter,MercyFirst,,,,Syosset,,,40.8213673,-73.4883133,,,,2014-03-14,2018-05-15,,,,,,2018-07-10 19:44:58.934400+00:00,2018-07-11 06:47:24.451300+00:00
284,ORR Affiliated Facility,,Shelter,Morrison Downtown,,,,Morrison,,,39.6535988,-105.1910996,,,,2015-10-08,2018-05-15,,,,,,2018-07-10 19:44:58.934400+00:00,2018-07-11 06:47:24.632200+00:00
285,ORR Affiliated Facility,,Staff Secure,Morrison Downtown Staff Secure,,,,,,,,,,,,2015-12-22,2015-12-25,,,,,,2018-07-10 19:44:58.934400+00:00,2018-07-11 06:47:24.805700+00:00
286,ORR Affiliated Facility,,Long Term Foster Care,Morrison LTGH,,,,,,,,,,,,2016-08-10,2018-05-15,,,,,,2018-07-10 19:44:58.934400+00:00,2018-07-11 06:47:24.982000+00:00
287,ORR Affiliated Facility,,Staff Secure,Morrison Paso,,,,Portland,Oregon,,45.5202471,-122.6741949,,,,2015-10-03,2018-05-15,,,,,,2018-07-10 19:44:58.934400+00:00,2018-07-11 06:47:25.154400+00:00
288,ORR Affiliated Facility,,Transitional Foster Care,Morrison TFC,,,,,,,,,,,,2015-10-04,2016-08-26,,,,,,2018-07-10 19:44:58.934400+00:00,2018-07-11 06:47:25.334600+00:00
289,ORR Affiliated Facility,,Shelter,Noank,,,,Groton,Connecticut,,41.3506989,-72.0773654,,,,2017-03-29,2018-05-15,,,,,,2018-07-10 19:44:58.934400+00:00,2018-07-11 06:47:25.503300+00:00
290,ORR Affiliated Facility,,Secure,Nova,,,,Springfield,,,38.7636242,-77.1764149,,,,2015-08-05,2018-05-15,,,,,,2018-07-10 19:44:58.934400+00:00,2018-07-11 06:47:25.673900+00:00
291,ORR Affiliated Facility,,Staff Secure,NOVA Staff Secure,,,,,,,,,,,,2015-08-05,2016-04-15,,,,,,2018-07-10 19:44:58.934400+00:00,2018-07-11 06:47:25.854300+00:00
292,ORR Affiliated Facility,,Transitional Foster Care,Nuevo Amanecer LCS,,,,,,,,,,,,2015-10-05,2018-05-15,,,,,,2018-07-10 19:44:58.934400+00:00,2018-07-11 06:47:26.023800+00:00
293,ORR Affiliated Facility,,Shelter,Rite of Passage - Canyon,,,,,,,,,,,,2017-02-01,2018-05-15,,,,,,2018-07-10 19:44:58.934400+00:00,2018-07-11 06:47:26.195300+00:00
294,ORR Affiliated Facility,,Shelter,Rite of Passage - Sycamore,,,,,,,,,,,,2017-06-26,2018-05-15,,,,,,2018-07-10 19:44:58.934400+00:00,2018-07-11 06:47:26.377400+00:00
295,ORR Affiliated Facility,,Long Term Foster Care,Samaritas,,,,,,,,,,,,2016-06-06,2018-05-15,,,,,,2018-07-10 19:44:58.934400+00:00,2018-07-11 06:47:26.548700+00:00
296,ORR Affiliated Facility,,Staff Secure,Selma Carson Home,,,,Fife,,,47.251126,-122.3556109,,,,2015-10-05,2018-05-15,,,,,,2018-07-10 19:44:58.934400+00:00,2018-07-11 06:47:26.715800+00:00
297,ORR Affiliated Facility,,Shelter,Seton Home,,,,San Antonio,Texas,,29.4246002,-98.4951405,,,,2015-10-01,2018-05-15,,,,,,2018-07-10 19:44:58.934400+00:00,2018-07-11 06:47:26.898800+00:00
299,ORR Affiliated Facility,,Residential Treatment Center,Shiloh Treatment Center,,,,Manvel,Texas,,29.4627365,-95.357994,,,,2014-04-30,2018-05-15,,,,,,2018-07-10 19:44:58.934400+00:00,2018-07-11 06:47:27.236600+00:00
300,ORR Affiliated Facility,,Shelter,Southwest Key Antigua,,,,San Benito,Texas,,26.1326237,-97.630791,,,,2015-10-01,2018-05-15,,,,,,2018-07-10 19:44:58.934400+00:00,2018-07-11 06:47:27.412800+00:00
301,ORR Affiliated Facility,,Shelter,Southwest Key Campbell,,,,Phoenix,Arizona,,33.4485866,-112.0773456,,,,2015-10-01,2018-05-15,,,,,,2018-07-10 19:44:58.934400+00:00,2018-07-11 06:47:27.584600+00:00
302,ORR Affiliated Facility,,Shelter,Southwest Key Canutillo,,,,Canutillo,Texas,,31.9114925,-106.6002687,,,,2015-10-01,2018-05-15,,,,,,2018-07-10 19:44:58.934400+00:00,2018-07-11 06:47:27.759800+00:00
303,ORR Affiliated Facility,,Shelter,Southwest Key Casa Franklin,,,,El Paso,,,31.762081,-106.4878472,,,,2015-10-01,2018-05-15,,,,,,2018-07-10 19:44:58.934400+00:00,2018-07-11 06:47:27.934700+00:00
304,ORR Affiliated Facility,,Shelter,Southwest Key Casa Houston,,,,Houston,,,29.690775,-95.406792,,,,2015-01-01,2018-05-15,,,,,,2018-07-10 19:44:58.934400+00:00,2018-07-11 06:47:28.118900+00:00
306,ORR Affiliated Facility,,Shelter,Southwest Key Casa Lighthouse,,,,Phoenix,Arizona,,33.4485866,-112.0773456,,,,2015-10-01,2018-05-15,,,,,,2018-07-10 19:44:58.934400+00:00,2018-07-11 06:47:28.468500+00:00
307,ORR Affiliated Facility,,Shelter,Southwest Key Casa Montezuma,,,,,,,,,,,,2016-08-03,2018-05-15,,,,,,2018-07-10 19:44:58.934400+00:00,2018-07-11 06:47:28.641000+00:00
309,ORR Affiliated Facility,,Shelter,Southwest Key Casa Phoenix,,,,Bronze Boot,,,33.4813799,-112.0513932,,,,2015-10-01,2018-05-15,,,,,,2018-07-10 19:44:58.934400+00:00,2018-07-11 06:47:29.009000+00:00
310,ORR Affiliated Facility,,Shelter,Southwest Key Casa Quetzal,,,,Houston,,,29.8673192,-95.4079665,,,,2016-04-22,2018-05-15,,,,,,2018-07-10 19:44:58.934400+00:00,2018-07-11 06:47:29.214300+00:00
312,ORR Affiliated Facility,,Shelter,Southwest Key Combes,,,,Combes,,,26.2390524,-97.7293219,,,,2015-10-04,2018-05-15,,,,,,2018-07-10 19:44:58.934400+00:00,2018-07-11 06:47:29.565300+00:00
313,ORR Affiliated Facility,,Shelter,Southwest Key Conroe,,,,Houston,,,29.8345864,-95.2611797,,,,2015-10-03,2018-05-15,,,,,,2018-07-10 19:44:58.934400+00:00,2018-07-11 06:47:29.748800+00:00
314,ORR Affiliated Facility,,Shelter,Southwest Key El Cajon,,,,El Cajon,,,32.8082769,-116.9416164,,,,2015-10-01,2017-05-04,,,,,,2018-07-10 19:44:58.934400+00:00,2018-07-11 06:47:29.926000+00:00
315,ORR Affiliated Facility,,Shelter,Southwest Key Estrella,,,,Tucson,Arizona,,32.2218917,-110.9262353,,,,2015-10-01,2018-05-15,,,,,,2018-07-10 19:44:58.934400+00:00,2018-07-11 06:47:30.101900+00:00
316,ORR Affiliated Facility,,Shelter,Southwest Key Glendale,,,,Glendale,,,33.54148,-112.169761,,,,2015-10-01,2018-05-15,,,,,,2018-07-10 19:44:58.934400+00:00,2018-07-11 06:47:30.304500+00:00
317,ORR Affiliated Facility,,Shelter,Southwest Key Las Palmas,,,,Phoenix,Arizona,,33.4485866,-112.0773456,,,,2015-10-01,2018-05-15,,,,,,2018-07-10 19:44:58.934400+00:00,2018-07-11 06:47:30.480900+00:00
318,ORR Affiliated Facility,,Shelter,Southwest Key Lemon Grove,,,,Lemon Grove,,,32.7287897,-117.037143,,,,2015-10-01,2017-05-05,,,,,,2018-07-10 19:44:58.934400+00:00,2018-07-11 06:47:30.663000+00:00
319,ORR Affiliated Facility,,Staff Secure,Southwest Key Mesa,,,,Mesa,,,33.4342042,-111.8409009,,,,2015-10-21,2018-05-15,,,,,,2018-07-10 19:44:58.934400+00:00,2018-07-11 06:47:30.842100+00:00
320,ORR Affiliated Facility,,Shelter,Southwest Key Mesa Shelter,,,,Mesa,,,33.4342042,-111.8409009,,,,2015-10-02,2018-05-15,,,,,,2018-07-10 19:44:58.934400+00:00,2018-07-11 06:47:31.018900+00:00
321,ORR Affiliated Facility,,Shelter,Southwest Key Nueva Esperanza,,,,Brownsville,,,25.973585,-97.5111988,,,,2014-10-22,2018-05-15,,,,,,2018-07-10 19:44:58.934400+00:00,2018-07-11 06:47:31.197600+00:00
322,ORR Affiliated Facility,,Shelter,Southwest Key Pleasant Hill,,,,Pleasant Hill,,,37.9473561,-122.0892665,,,,2015-10-01,2018-05-15,,,,,,2018-07-10 19:44:58.934400+00:00,2018-07-11 06:47:31.394600+00:00
324,ORR Affiliated Facility,,Shelter,Southwest Key San Diego,,,,Lemon Grove,,,32.7287897,-117.037143,,,,2017-01-11,2018-05-15,,,,,,2018-07-10 19:44:58.934400+00:00,2018-07-11 06:47:31.741100+00:00
325,ORR Affiliated Facility,,Shelter,Southwest Key Sol,,,,,,,,,,,,2015-10-01,2018-05-15,,,,,,2018-07-10 19:44:58.934400+00:00,2018-07-11 06:47:31.920700+00:00
326,ORR Affiliated Facility,,Shelter,St. PJs Childrens Home,,,,San Antonio,,,29.3890589,-98.4926784,,,,2014-10-01,2018-05-15,,,,,,2018-07-10 19:44:58.934400+00:00,2018-07-11 06:47:32.097800+00:00
259,ORR Affiliated Facility,,Transitional Foster Care,IES Harlingen,,,,La Feria,,,26.1834375,-97.7386631,,,,2015-10-01,2018-03-27,,,,,,2018-07-10 19:44:58.934400+00:00,2018-07-11 06:47:20.279000+00:00
338,ORR Affiliated Facility,,Secure,Yolo County Juvenile Detention,,,,Woodland,California,,38.6786109,-121.7733285,,,,,,,,,,,2018-07-10 19:44:58.934400+00:00,2018-07-10 19:44:58.934400+00:00
339,ORR Affiliated Facility,,Shelter,Youth For Tomorrow,,,,Bristow,Virginia,,38.7233263,-77.5365669,,,,,,,,,,,2018-07-10 19:44:58.934400+00:00,2018-07-10 19:44:58.934400+00:00
329,ORR Affiliated Facility,,Staff Secure,SWK Processing Center Staff Secure,,,,San Benito,Texas,,26.1326237,-97.630791,,,,2016-10-18,2018-05-15,,,,,,2018-07-10 19:44:58.934400+00:00,2018-07-11 06:47:32.675400+00:00
330,ORR Affiliated Facility,,Shelter,The Villages,,,,The Villages,,,28.927019,-82.0037608,,,,2017-07-14,2018-05-15,,,,,,2018-07-10 19:44:58.934400+00:00,2018-07-11 06:47:32.850200+00:00
331,ORR Affiliated Facility,,Shelter,Tumbleweed (DO NOT USE),,,,,,,,,,,,2015-07-31,2017-06-14,,,,,,2018-07-10 19:44:58.934400+00:00,2018-07-11 06:47:33.027600+00:00
332,ORR Affiliated Facility,,Shelter,Tumbleweed Desert Cove,,,,Phoenix,Arizona,,33.4485866,-112.0773456,,,,2015-10-25,2016-08-28,,,,,,2018-07-10 19:44:58.934400+00:00,2018-07-11 06:47:33.207400+00:00
333,ORR Affiliated Facility,,Shelter,Tumbleweed Mountain View,,,,Phoenix,Arizona,,33.4485866,-112.0773456,,,,2015-10-25,2017-08-19,,,,,,2018-07-10 19:44:58.934400+00:00,2018-07-11 06:47:33.392600+00:00
334,ORR Affiliated Facility,,Shelter,Tumbleweed Willetta,,,,Phoenix,Arizona,,33.4485866,-112.0773456,,,,2015-10-25,2017-02-04,,,,,,2018-07-10 19:44:58.934400+00:00,2018-07-11 06:47:33.572300+00:00
335,ORR Affiliated Facility,,Transitional Foster Care,Upbring,,,,,,,,,,,,2016-08-01,2018-05-15,,,,,,2018-07-10 19:44:58.934400+00:00,2018-07-11 06:47:33.748000+00:00
337,ORR Affiliated Facility,,Long Term Foster Care,VisionQuest National,,,,,,,,,,,,2016-05-24,2018-05-15,,,,,,2018-07-10 19:44:58.934400+00:00,2018-07-11 06:47:34.096400+00:00
340,ORR Affiliated Facility,,Long Term Foster Care,Youth for Tomorrow LTFC,,,,Bristow,Virginia,,38.7233263,-77.5365669,,,,2016-08-26,2018-05-15,,,,,,2018-07-10 19:44:58.934400+00:00,2018-07-11 06:47:34.636100+00:00
11,ORR Affiliated Facility,ORR,ORR Facility,A NEW LEAF,,,,Mesa,Arizona,,33.436188,-111.586066176293,,,,2015-10-05,2016-05-06,,,,,,2018-07-10 19:44:58.934400+00:00,2018-07-11 06:47:34.817200+00:00
19,ORR Affiliated Facility,ORR,ORR,BAPTIST CHILD & FAMILY SERVICES,,,,Fairfield,California,,38.2493581,-122.0399663,,,,2015-12-17,2018-04-17,,,,,,2018-07-10 19:44:58.934400+00:00,2018-07-11 06:47:34.992900+00:00
20,ORR Affiliated Facility,ORR,ORR,BAPTIST CHILD & FAMILY SVCS-SNA,,,,San Antonio,Texas,,29.4246002,-98.4951405,,,,2017-10-10,2017-10-10,,,,,,2018-07-10 19:44:58.934400+00:00,2018-07-11 06:47:35.166200+00:00
23,ORR Affiliated Facility,ORR,ORR Facility,BCFS Chavaneaux,,,,San Antonio,,,29.4888744,-98.5689152,,,,2014-04-30,2018-05-15,,,,,,2018-07-10 19:44:58.934400+00:00,2018-07-11 06:47:35.695600+00:00
24,ORR Affiliated Facility,ORR,ORR Facility,BCFS Harlingen,,,,Harlingen,,,26.1892681,-97.6776296,,,,2015-08-10,2018-05-15,,,,,,2018-07-10 19:44:58.934400+00:00,2018-07-11 06:47:35.881200+00:00
25,ORR Affiliated Facility,ORR,ORR Facility,BCFS San Antonio,,,,San Antonio,,,29.3998565,-98.633184,,,,2015-04-03,2018-05-15,,,,,,2018-07-10 19:44:58.934400+00:00,2018-07-11 06:47:36.056000+00:00
26,ORR Affiliated Facility,ORR,ORR Facility,BCFS San Antonio TFC,,,,San Antonio,,,29.6013787,-98.472287,,,,2012-11-12,2018-05-15,,,,,,2018-07-10 19:44:58.934400+00:00,2018-07-11 06:47:36.226400+00:00
27,ORR Affiliated Facility,ORR,ORR Facility,BCFS SNA,,,,,,,,,,,,2015-08-18,2015-08-18,,,,,,2018-07-10 19:44:58.934400+00:00,2018-07-11 06:47:36.408700+00:00
28,ORR Affiliated Facility,ORR,ORR Facility,BCFS TFC,,,,,,,,,,,,2016-04-16,2016-09-09,,,,,,2018-07-10 19:44:58.934400+00:00,2018-07-11 06:47:36.584900+00:00
32,ORR Affiliated Facility,ORR,ORR,"BETHANY C.S.,GRAND RAPIDS",,,,Grand Rapids,,,42.979841,-85.650753,,,,2018-02-17,2018-04-21,,,,,,2018-07-10 19:44:58.934400+00:00,2018-07-11 06:47:36.763600+00:00
33,ORR Affiliated Facility,ORR,ORR,BETHANY CHRISTIAN SERVICES OF MD,,,,Crofton,,,38.988353,-76.692724,,,,2017-07-06,2018-05-15,,,,,,2018-07-10 19:44:58.934400+00:00,2018-07-11 06:47:36.957700+00:00
34,ORR Affiliated Facility,ORR,ORR Facility,BokenKamp,,,,Corpus Christi,,,27.717336,-97.349616,,,,2015-09-12,2018-05-15,,,,,,2018-07-10 19:44:58.934400+00:00,2018-07-11 06:47:37.143400+00:00
40,ORR Affiliated Facility,ORR,ORR Facility,CAYUGA CENTERS,,,,New York City,New York,,40.7308619,-73.9871558,,,,2015-10-02,2018-05-15,,,,,,2018-07-10 19:44:58.934400+00:00,2018-07-11 06:47:37.341300+00:00
43,ORR Affiliated Facility,ORR,ORR,CHILDRENS VILLAGE,,,,Queens,New York,,40.6524927,-73.7914214158161,,,,2018-03-28,2018-03-30,,,,,,2018-07-10 19:44:58.934400+00:00,2018-07-11 06:47:37.519000+00:00
44,ORR Affiliated Facility,ORR,ORR Facility,Children's Village,,,,Queens,New York,,40.6524927,-73.7914214158161,,,,2016-02-26,2016-02-26,,,,,,2018-07-10 19:44:58.934400+00:00,2018-07-11 06:47:37.726800+00:00
49,ORR Affiliated Facility,ORR,ORR,CRITTENDEN SERVICES,,,,,,,,,,,,2017-11-29,2018-04-19,,,,,,2018-07-10 19:44:58.934400+00:00,2018-07-11 06:47:37.949200+00:00
50,ORR Affiliated Facility,ORR,ORR Facility,Crittenton,,,,Fullerton,California,,33.8708215,-117.9294165,,,,2015-11-04,2015-11-08,,,,,,2018-07-10 19:44:58.934400+00:00,2018-07-11 06:47:38.127900+00:00
51,ORR Affiliated Facility,ORR,ORR Facility,Crittenton Shelter,,,,,,,,,,,,2015-07-11,2018-05-15,,,,,,2018-07-10 19:44:58.934400+00:00,2018-07-11 06:47:38.331100+00:00
54,ORR Affiliated Facility,ORR,ORR Facility,David & Margaret,,,,La Verne,California,,34.1008426,-117.7678355,,,,2015-10-05,2018-05-15,,,,,,2018-07-10 19:44:58.934400+00:00,2018-07-11 06:47:38.524200+00:00
61,ORR Affiliated Facility,ORR,ORR,FRIENDS OF YOUTH,,,,Seattle,Washington,,47.6038321,-122.3300624,,,,2015-06-19,2015-06-19,,,,,,2018-07-10 19:44:58.934400+00:00,2018-07-11 06:47:38.700700+00:00
69,ORR Affiliated Facility,ORR,ORR,HEARTLAND INT CHILD CENTER-BEVERLY,,,,Chicago,Illinois,,41.8755616,-87.6244212,,,,2015-10-02,2018-05-15,,,,,,2018-07-10 19:44:58.934400+00:00,2018-07-11 06:47:39.125400+00:00
70,ORR Affiliated Facility,ORR,ORR,HIS HOUSE CHILDRENS HOME,,,,Miami Gardens,Florida,,25.94207545,-80.2397528099553,,,,2014-03-14,2018-05-15,,,,,,2018-07-10 19:44:58.934400+00:00,2018-07-11 06:47:39.310400+00:00
71,ORR Affiliated Facility,ORR,ORR,HOMESTEAD JOB CORPS FACILITY (DOL),,,,Leisure Mobile Park,,,25.5023903,-80.4211551,,,,2018-03-30,2018-03-30,,,,,,2018-07-10 19:44:58.934400+00:00,2018-07-11 06:47:39.481100+00:00
75,ORR Affiliated Facility,ORR,ORR Facility,ICRC Heartland ,,,,,,,,,,,,2015-11-24,2015-11-27,,,,,,2018-07-10 19:44:58.934400+00:00,2018-07-11 06:47:39.645400+00:00
76,ORR Affiliated Facility,ORR,ORR Facility,IES Foster Palm Valley,,,,,,,,,,,,2013-08-31,2016-09-01,,,,,,2018-07-10 19:44:58.934400+00:00,2018-07-11 06:47:39.820400+00:00
77,ORR Affiliated Facility,ORR,ORR Facility,IES San Benito,,,,San Cristóbal de La Laguna,,,28.4909894,-16.3290776,,,,2015-10-09,2018-03-15,,,,,,2018-07-10 19:44:58.934400+00:00,2018-07-11 06:47:40.018100+00:00
81,ORR Affiliated Facility,ORR,ORR,INTERNATIONAL EDU SVC-NORMA LINDA,,,,,,,,,,,,2017-09-21,2017-09-21,,,,,,2018-07-10 19:44:58.934400+00:00,2018-07-11 06:47:40.214600+00:00
82,ORR Affiliated Facility,ORR,ORR,INTERNATIONAL EDUCATION SERVICES,,,,,,,,,,,,2016-05-14,2016-06-10,,,,,,2018-07-10 19:44:58.934400+00:00,2018-07-11 06:47:40.398400+00:00
87,ORR Affiliated Facility,ORR,ORR,KIDS PEACE,,,,Orefield,Pennsylvania,,40.6348182,-75.5843529,,,,2017-08-02,2018-04-06,,,,,,2018-07-10 19:44:58.934400+00:00,2018-07-11 06:47:40.572000+00:00
92,ORR Affiliated Facility,ORR,ORR,LEAKE AND WATTS,,,,Yonkers,New York,,40.9312099,-73.8987469,,,,2015-10-06,2018-05-15,,,,,,2018-07-10 19:44:58.934400+00:00,2018-07-11 06:47:40.743600+00:00
93,ORR Affiliated Facility,ORR,ORR,LINCOLN HALL BOYS HAVEN,,,,Lincolndale,New York,,41.3228718,-73.7181869,,,,2015-10-02,2018-05-15,,,,,,2018-07-10 19:44:58.934400+00:00,2018-07-11 06:47:40.933700+00:00
96,ORR Affiliated Facility,ORR,ORR,LUTHERAN SOCIAL SERVICES OF THE SOUTH,,,,Corpus Christi,Texas,,27.8002542,-97.3955744,,,,2018-03-08,2018-03-08,,,,,,2018-07-10 19:44:58.934400+00:00,2018-07-11 06:47:41.119700+00:00
104,ORR Affiliated Facility,ORR,ORR Facility,Morrison,,,,Portland,Oregon,,45.5202471,-122.6741949,,,,2015-08-08,2017-01-22,,,,,,2018-07-10 19:44:58.934400+00:00,2018-07-11 06:47:41.470800+00:00
105,ORR Affiliated Facility,ORR,ORR,MORRISON CENTER-PASO STAFF SECURE,,,,Portland,Oregon,,45.5202471,-122.6741949,,,,2015-02-16,2015-06-19,,,,,,2018-07-10 19:44:58.934400+00:00,2018-07-11 06:47:41.646100+00:00
111,ORR Affiliated Facility,ORR,ORR,"NEIGHBOR-FAMILY UAC PGM, ATL",,,,Atlanta,Georgia,,33.7490987,-84.3901849,,,,2015-03-10,2018-03-14,,,,,,2018-07-10 19:44:58.934400+00:00,2018-07-11 06:47:41.825300+00:00
124,ORR Affiliated Facility,ORR,ORR Facility,PETERSON RESIDENCE,,,,Mesa,Arizona,,33.436188,-111.586066176293,,,,2015-10-18,2016-05-07,,,,,,2018-07-10 19:44:58.934400+00:00,2018-07-11 06:47:41.999000+00:00
128,ORR Affiliated Facility,ORR,ORR Facility,Pine Prairie Correctional Facility ,,,,Pine Prairie,,,30.7891907,-92.4231719,,,,2017-03-22,2017-03-22,,,,,,2018-07-10 19:44:58.934400+00:00,2018-07-11 06:47:42.174000+00:00
142,ORR Affiliated Facility,ORR,ORR,SHENANDOAH VALLEY JUVENILE CENTER,,,,Stauton,Virginia,,38.468972,-77.436683,,,,2015-08-05,2018-05-15,,,,,,2018-07-10 19:44:58.934400+00:00,2018-07-11 06:47:42.356200+00:00
150,ORR Affiliated Facility,ORR,ORR,SOUTHWEST KEY - CASA PHOENIX,,,,Bronze Boot,,,33.4813799,-112.0513932,,,,2018-04-03,2018-04-03,,,,,,2018-07-10 19:44:58.934400+00:00,2018-07-11 06:47:42.520700+00:00
151,ORR Affiliated Facility,ORR,ORR,SOUTHWEST KEY - LEMON GROVE,,,,Lemon Grove,,,32.7287897,-117.037143,,,,2018-03-22,2018-03-22,,,,,,2018-07-10 19:44:58.934400+00:00,2018-07-11 06:47:42.684800+00:00
152,ORR Affiliated Facility,ORR,ORR,SOUTHWEST KEY - RIO GRANDE,,,,,,,,,,,,2018-02-15,2018-02-15,,,,,,2018-07-10 19:44:58.934400+00:00,2018-07-11 06:47:42.847000+00:00
153,ORR Affiliated Facility,ORR,ORR,SOUTHWEST KEY - SOL,,,,,,,,,,,,2018-04-03,2018-04-22,,,,,,2018-07-10 19:44:58.934400+00:00,2018-07-11 06:47:43.023600+00:00
154,ORR Affiliated Facility,ORR,ORR,SOUTHWEST KEY CASA PADRE,,,,,,,,,,,,2016-11-30,2018-05-15,,,,,,2018-07-10 19:44:58.934400+00:00,2018-07-11 06:47:43.190700+00:00
155,ORR Affiliated Facility,ORR,ORR,SOUTHWEST KEY-CASA BLANCA,,,,,,,,,,,,2015-10-01,2018-05-15,,,,,,2018-07-10 19:44:58.934400+00:00,2018-07-11 06:47:43.372100+00:00
156,ORR Affiliated Facility,ORR,ORR,SOUTHWEST KEY-EL PRESIDENTE,,,,Brownsville,,,25.9444467,-97.4500519,,,,2015-08-02,2018-05-15,,,,,,2018-07-10 19:44:58.934400+00:00,2018-07-11 06:47:43.543200+00:00
157,ORR Affiliated Facility,ORR,ORR,ST PETER-ST JOSEPH (ST PJS),,,,San Antonio,,,29.3890589,-98.4926784,,,,2015-02-05,2018-02-24,,,,,,2018-07-10 19:44:58.934400+00:00,2018-07-11 06:47:43.706000+00:00
160,ORR Affiliated Facility,ORR,ORR Facility,SWK Campbell,,,,,,,,,,,,2015-09-09,2015-09-10,,,,,,2018-07-10 19:44:58.934400+00:00,2018-07-11 06:47:44.044900+00:00
161,ORR Affiliated Facility,ORR,ORR Facility,SWK Casa Blanca,,,,San Antonio,Texas,,29.4246002,-98.4951405,,,,2016-03-20,2016-04-28,,,,,,2018-07-10 19:44:58.934400+00:00,2018-07-11 06:47:44.226500+00:00
162,ORR Affiliated Facility,ORR,ORR Facility,SWK Casa Blanca ,,,,San Antonio,Texas,,29.4246002,-98.4951405,,,,2016-04-05,2016-04-16,,,,,,2018-07-10 19:44:58.934400+00:00,2018-07-11 06:47:44.415200+00:00
163,ORR Affiliated Facility,ORR,ORR Facility,SWK Casa Houston,,,,Houston,Texas,,29.7589382,-95.3676974,,,,2016-03-30,2016-03-30,,,,,,2018-07-10 19:44:58.934400+00:00,2018-07-11 06:47:44.583500+00:00
328,ORR Affiliated Facility,,Shelter,SWK Processing Center ,,,,San Benito,Texas,,26.1326237,-97.630791,,,,2015-10-04,2018-05-15,,,,,,2018-07-10 19:44:58.934400+00:00,2018-07-11 06:47:32.469600+00:00
95,ICE or Shared Facility,ICE,HOLD,LOUISVILLE HOLD ROOM,,,,Louisville,Kentucky,,38.2542376,-85.759407,,,,2017-07-11,2017-07-21,,,,,,2018-07-10 19:44:58.934400+00:00,2018-07-11 06:46:56.984000+00:00
1,ICE ERO Field Office,ICE,,SNA Field Office,,,,,,,,,,,,2015-12-30,2017-07-25,,,,https://www.ice.gov/contact/ero#wcm-survey-target-id,,2018-07-10 19:44:58.934400+00:00,2018-07-11 06:46:46.451100+00:00
2,ICE ERO Field Office,ICE,,Philadelphia Field Office,114 North 8th Street,,,Philadelphia,PA,19107,39.9538306,-75.1531329,precise,,,2017-06-23,2017-06-23,,,,https://www.ice.gov/contact/ero#wcm-survey-target-id,Philadelphia.Outreach@ice.dhs.gov,2018-07-10 19:44:58.934400+00:00,2018-07-11 06:46:46.628300+00:00
3,ICE ERO Field Office,ICE,,New Orleans Field Office,1250 Poydras Suite 325,,,New Orleans,LA,70113,29.9507668,-90.0767553,precise,,,2017-01-01,2017-02-02,,(504) 599-7800,,https://www.ice.gov/contact/ero#wcm-survey-target-id,NewOrleans.Outreach@ice.dhs.gov,2018-07-10 19:44:58.934400+00:00,2018-07-11 06:46:46.804300+00:00
66,ICE or Shared Facility,,Other,HARLINGEN POLICE DEPARTMENT,,,,Harlingen,Texas,,26.1906306,-97.6961026,,,,2015-04-29,2015-09-21,,,,,,2018-07-10 19:44:58.934400+00:00,2018-07-11 06:46:53.967700+00:00
90,ICE or Shared Facility,,USMS IGA,LA SALLE COUNTY REGIONAL DETENTION CENTER,,,,Encinal,Texas,,28.041117,-99.3544787,,,,2018-02-01,2018-02-08,,,,,,2018-07-10 19:44:58.934400+00:00,2018-07-11 06:46:56.432600+00:00
91,ICE or Shared Facility,,USMS IGA,LAREDO PROCESSING CENTER,,,,Laredo,Texas,,27.5060991,-99.5088979,,,,2018-02-26,2018-03-09,,,,,,2018-07-10 19:44:58.934400+00:00,2018-07-11 06:46:56.640600+00:00
114,ICE or Shared Facility,ICE,HOLD,NEW/INS OS HOLD ROOM,,,,,,,,,,,,2015-07-05,2015-07-05,,,,,,2018-07-10 19:44:58.934400+00:00,2018-07-11 06:46:59.460000+00:00
127,ICE or Shared Facility,,BOP,PHOENIX FEDERAL CORRECTIONAL INSTITUTE,,,,Phoenix,Arizona,,33.4485866,-112.0773456,,,,2017-04-08,2017-04-08,,,,,,2018-07-10 19:44:58.934400+00:00,2018-07-11 06:47:01.576400+00:00
146,ICE or Shared Facility,,CDF,SOUTH TEXAS DETENTION COMPLEX,,,,Pearsall,,,28.8949691,-99.1212384,,,,2015-05-31,2017-12-27,,,,,,2018-07-10 19:44:58.934400+00:00,2018-07-11 06:47:04.534300+00:00
181,ICE or Shared Facility,,USMS IGA,WILLACY CO  REGIONAL DETENTION FACILITY,,,,Raymondville,Texas,,26.4814565,-97.783051,,,,2017-12-18,2017-12-20,,,,,,2018-07-10 19:44:58.934400+00:00,2018-07-11 06:47:07.340500+00:00
188,ICE ERO Field Office,ICE,,Texas - Harlingen Field Office,1717 Zoy Street,,,Harlingen,TX,78552,26.1776253,-97.7141311,precise,,,2015-08-10,2015-08-12,,,,https://www.uscis.gov/about-us/find-uscis-office/field-offices/texas-harlingen-field-office,,2018-07-10 19:44:58.934400+00:00,2018-07-11 06:47:07.860000+00:00
191,ORR Affiliated Facility,,Shelter,A New Leaf – Dorothy Mitchell,,,,Mesa,Arizona,,33.436188,-111.586066176293,,,,2015-07-11,2018-05-15,,,,,,2018-07-10 19:44:58.934400+00:00,2018-07-11 06:47:08.385600+00:00
196,ORR Affiliated Facility,,Shelter,BCFS Camp Alpha,,,,,,,,,,,,2015-12-01,2015-12-31,,,,,,2018-07-10 19:44:58.934400+00:00,2018-07-11 06:47:09.263500+00:00
203,ORR Affiliated Facility,,Long Term Foster Care,BCFS Fairfield LTFC,,,,Fairfield,,,38.27141,-122.05036,,,,2017-05-30,2018-05-15,,,,,,2018-07-10 19:44:58.934400+00:00,2018-07-11 06:47:10.487700+00:00
217,ORR Affiliated Facility,,Shelter,Catholic Charities Boystown,,,,Boys Town,,,41.253663,-96.133686,,,,2015-10-05,2018-05-15,,,,,,2018-07-10 19:44:58.934400+00:00,2018-07-11 06:47:12.917500+00:00
220,ORR Affiliated Facility,,Shelter,Catholic Guardian Services Crotona,,,,New York City,New York,,40.7308619,-73.9871558,,,,2015-10-27,2018-05-15,,,,,,2018-07-10 19:44:58.934400+00:00,2018-07-11 06:47:13.448500+00:00
231,ORR Affiliated Facility,,Long Term Foster Care,CCS Tacoma LTFC,,,,Tacoma,,,47.249669,-122.4464201,,,,2015-11-28,2018-05-15,,,,,,2018-07-10 19:44:58.934400+00:00,2018-07-11 06:47:15.364700+00:00
238,ORR Affiliated Facility,,Long Term Foster Care,Commonwealth Catholic Charities,,,,Tuckahoe,,,37.60312,-77.545436,,,,2015-02-03,2018-05-15,,,,,,2018-07-10 19:44:58.934400+00:00,2018-07-11 06:47:16.586900+00:00
258,ORR Affiliated Facility,,Shelter,IES Driscoll,,,,Robstown,,,27.7703618,-97.6748799,,,,2015-10-01,2018-02-27,,,,,,2018-07-10 19:44:58.934400+00:00,2018-07-11 06:47:20.094300+00:00
263,ORR Affiliated Facility,,Shelter,IES Shelter,,,,,,,,,,,,2015-10-02,2015-12-06,,,,,,2018-07-10 19:44:58.934400+00:00,2018-07-11 06:47:20.967700+00:00
265,ORR Affiliated Facility,,Transitional Foster Care,International Christian Adoptions,,,,Temecula,,,33.51588,-117.1652276,,,,2017-06-27,2018-05-15,,,,,,2018-07-10 19:44:58.934400+00:00,2018-07-11 06:47:21.334200+00:00
275,ORR Affiliated Facility,,Transitional Foster Care,LSS Carolinas TFC,,,,,,,,,,,,2017-10-27,2018-05-15,,,,,,2018-07-10 19:44:58.934400+00:00,2018-07-11 06:47:23.065400+00:00
305,ORR Affiliated Facility,,Shelter,Southwest Key Casa Kokopelli,,,,,,,,,,,,2016-04-22,2018-05-15,,,,,,2018-07-10 19:44:58.934400+00:00,2018-07-11 06:47:28.298400+00:00
311,ORR Affiliated Facility,,Shelter,Southwest Key Casita Del Valle,,,,El Paso,,,31.762081,-106.4878472,,,,2015-10-01,2018-05-15,,,,,,2018-07-10 19:44:58.934400+00:00,2018-07-11 06:47:29.384000+00:00
323,ORR Affiliated Facility,,Shelter,Southwest Key Rio Grande,,,,,,,,,,,,2015-08-02,2018-05-15,,,,,,2018-07-10 19:44:58.934400+00:00,2018-07-11 06:47:31.565600+00:00
327,ORR Affiliated Facility,,Staff Secure,SWK Nueva Esperanza Staff Secure,,,,Brownsville,Texas,,25.9140256,-97.4890856,,,,2015-10-06,2018-04-16,,,,,,2018-07-10 19:44:58.934400+00:00,2018-07-11 06:47:32.284200+00:00
336,ORR Affiliated Facility,,Long Term Foster Care,Upbring LTFC,,,,,,,,,,,,2016-08-05,2018-05-15,,,,,,2018-07-10 19:44:58.934400+00:00,2018-07-11 06:47:33.924500+00:00
21,ORR Affiliated Facility,ORR,ORR,BAPTIST CHILD AND FAMILY SERVICES - TFC,,,,Fairfield,California,,38.2493581,-122.0399663,,,,2015-04-24,2018-03-14,,,,,,2018-07-10 19:44:58.934400+00:00,2018-07-11 06:47:35.347000+00:00
22,ORR Affiliated Facility,ORR,ORR,BAPTIST CHILD/FAMILY SVCS-BAYTOWN,,,,Baytown,Texas,,29.7355047,-94.9774274,,,,2017-09-08,2017-09-08,,,,,,2018-07-10 19:44:58.934400+00:00,2018-07-11 06:47:35.517800+00:00
68,ORR Affiliated Facility,ORR,ORR Facility,Heartland CRC,,,,,,,,,,,,2015-10-16,2017-02-06,,,,,,2018-07-10 19:44:58.934400+00:00,2018-07-11 06:47:38.912400+00:00
100,ORR Affiliated Facility,ORR,ORR Facility,Mercy First Shelter,,Mercy First,,,,,,,,,,2016-05-11,2017-06-29,,,,,,2018-07-10 19:44:58.934400+00:00,2018-07-11 06:47:41.304700+00:00
158,ORR Affiliated Facility,ORR,ORR Facility,St PJ'S Shelter,,,,San Antonio,,,29.3890589,-98.4926784,,,,2015-11-03,2017-06-21,,,,,,2018-07-10 19:44:58.934400+00:00,2018-07-11 06:47:43.870200+00:00
164,ORR Affiliated Facility,ORR,ORR Facility,SWK Casa Quetzal,,,,Houston,,,29.8673192,-95.4079665,,,,2017-03-24,2017-03-25,,,,,,2018-07-10 19:44:58.934400+00:00,2018-07-11 06:47:44.745100+00:00
165,ORR Affiliated Facility,ORR,ORR Facility,SWK Conroe,,,,Conroe,Texas,,30.3118769,-95.4560512,,,,2015-09-30,2017-06-23,,,,,,2018-07-10 19:44:58.934400+00:00,2018-07-11 06:47:44.906800+00:00
166,ORR Affiliated Facility,ORR,ORR Facility,SWK Estrella,,,,,,,,,,,,2015-08-25,2015-08-27,,,,,,2018-07-10 19:44:58.934400+00:00,2018-07-11 06:47:45.070100+00:00
167,ORR Affiliated Facility,ORR,ORR,SWK LA ESPERANZA PROCESSING CENTER,,,,San Benito,Texas,,26.1326237,-97.630791,,,,2018-04-21,2018-04-21,,,,,,2018-07-10 19:44:58.934400+00:00,2018-07-11 06:47:45.248900+00:00
168,ORR Affiliated Facility,ORR,ORR Facility,SWK LEMON GROVE,,,,Lemon Grove,California,,32.7425516,-117.0314172,,,,2015-12-26,2015-12-30,,,,,,2018-07-10 19:44:58.934400+00:00,2018-07-11 06:47:45.411100+00:00
174,ORR Affiliated Facility,ORR,ORR Facility,UPBRING EL PASO,,,,El Paso,,,31.7926365,-106.3999968,,,,2015-12-27,2015-12-30,,,,,,2018-07-10 19:44:58.934400+00:00,2018-07-11 06:47:45.576300+00:00
182,ORR Affiliated Facility,ORR,ORR,YOLO COUNTY JUVENILE DETENTION,,,,Woodland,California,,38.6786109,-121.7733285,,,,2015-10-02,2018-05-15,,,,,,2018-07-10 19:44:58.934400+00:00,2018-07-11 06:47:45.744200+00:00
184,ORR Affiliated Facility,ORR,ORR Facility,YOUTH CARE,,,,Chicago,Illinois,,41.8755616,-87.6244212,,,,2015-11-10,2018-05-15,,,,,,2018-07-10 19:44:58.934400+00:00,2018-07-11 06:47:45.907800+00:00
185,ORR Affiliated Facility,ORR,ORR Facility,Youth for Tomorrow,,,,Bristow,Virginia,,38.7233263,-77.5365669,,,,2015-10-05,2018-05-15,,,,,,2018-07-10 19:44:58.934400+00:00,2018-07-11 06:47:46.072600+00:00
186,ORR Affiliated Facility,ORR,ORR,YOUTHCARE CASA - UNO,,,,,,,,,,,,2017-11-07,2017-11-07,,,,,,2018-07-10 19:44:58.934400+00:00,2018-07-11 06:47:46.256200+00:00
341,ORR Individual Sponsor State,ORR,Individual Sponsor,Individual Sponsor in AL,,,,,AL,,32.6010112,-86.6807365,approximate,,,2017-11-01,2018-04-30,,,,,,2018-07-10 19:44:58.934400+00:00,2018-07-11 06:47:46.420700+00:00
343,ORR Individual Sponsor State,ORR,Individual Sponsor,Individual Sponsor in AZ,,,,,AZ,,34.1682185,-111.930907,approximate,,,2017-11-01,2018-04-30,,,,,,2018-07-10 19:44:58.934400+00:00,2018-07-11 06:47:46.748800+00:00
344,ORR Individual Sponsor State,ORR,Individual Sponsor,Individual Sponsor in AR,,,,,AR,,34.7519275,-92.1313784,approximate,,,2017-11-01,2018-04-29,,,,,,2018-07-10 19:44:58.934400+00:00,2018-07-11 06:47:46.912700+00:00
345,ORR Individual Sponsor State,ORR,Individual Sponsor,Individual Sponsor in CA,,,,,CA,,37.2718745,-119.2704153,approximate,,,2017-11-01,2018-04-30,,,,,,2018-07-10 19:44:58.934400+00:00,2018-07-11 06:47:47.078100+00:00
346,ORR Individual Sponsor State,ORR,Individual Sponsor,Individual Sponsor in CO,,,,,CO,,38.9979339,-105.550567,approximate,,,2017-11-02,2018-04-30,,,,,,2018-07-10 19:44:58.934400+00:00,2018-07-11 06:47:47.249000+00:00
342,ORR Individual Sponsor State,ORR,Individual Sponsor,Individual Sponsor in AK,,,,,AK,,61.3025006,-158.7750198,approximate,,,,,,,,,,2018-07-10 19:44:58.934400+00:00,2018-07-10 20:01:49.789100+00:00
350,ORR Individual Sponsor State,ORR,Individual Sponsor,Individual Sponsor in FL,,,,,FL,,27.9757279,-83.8330166,approximate,,,2017-11-01,2018-04-30,,,,,,2018-07-10 19:44:58.934400+00:00,2018-07-11 06:47:47.904800+00:00
351,ORR Individual Sponsor State,ORR,Individual Sponsor,Individual Sponsor in GA,,,,,GA,,32.6781248,-83.2229757,approximate,,,2017-11-01,2018-04-29,,,,,,2018-07-10 19:44:58.934400+00:00,2018-07-11 06:47:48.070300+00:00
353,ORR Individual Sponsor State,ORR,Individual Sponsor,Individual Sponsor in ID,,,,,ID,,45.4945756,-114.1424303,approximate,,,2017-11-22,2018-04-30,,,,,,2018-07-10 19:44:58.934400+00:00,2018-07-11 06:47:48.402900+00:00
359,ORR Individual Sponsor State,ORR,Individual Sponsor,Individual Sponsor in LA,,,,,LA,,30.9733766,-91.4299097,approximate,,,2017-11-01,2018-04-29,,,,,,2018-07-10 19:44:58.934400+00:00,2018-07-11 06:47:49.444900+00:00
360,ORR Individual Sponsor State,ORR,Individual Sponsor,Individual Sponsor in ME,,,,,ME,,45.2185133,-69.0148656,approximate,,,2017-11-02,2018-03-29,,,,,,2018-07-10 19:44:58.934400+00:00,2018-07-11 06:47:49.607100+00:00
361,ORR Individual Sponsor State,ORR,Individual Sponsor,Individual Sponsor in MD,,,,,MD,,38.8063524,-77.2684162,approximate,,,2017-11-01,2018-04-30,,,,,,2018-07-10 19:44:58.934400+00:00,2018-07-11 06:47:49.770300+00:00
362,ORR Individual Sponsor State,ORR,Individual Sponsor,Individual Sponsor in MA,,,,,MA,,42.0629398,-71.718067,approximate,,,2017-11-01,2018-04-29,,,,,,2018-07-10 19:44:58.934400+00:00,2018-07-11 06:47:49.931600+00:00
363,ORR Individual Sponsor State,ORR,Individual Sponsor,Individual Sponsor in MI,,,,,MI,,44.9435598,-86.4158049,approximate,,,2017-11-01,2018-04-30,,,,,,2018-07-10 19:44:58.934400+00:00,2018-07-11 06:47:50.113200+00:00
364,ORR Individual Sponsor State,ORR,Individual Sponsor,Individual Sponsor in MN,,,,,MN,,46.4418595,-93.3655146,approximate,,,2017-11-02,2018-04-29,,,,,,2018-07-10 19:44:58.934400+00:00,2018-07-11 06:47:50.297700+00:00
365,ORR Individual Sponsor State,ORR,Individual Sponsor,Individual Sponsor in MS,,,,,MS,,32.5851062,-89.8772196,approximate,,,2017-11-01,2018-04-30,,,,,,2018-07-10 19:44:58.934400+00:00,2018-07-11 06:47:50.458100+00:00
366,ORR Individual Sponsor State,ORR,Individual Sponsor,Individual Sponsor in MO,,,,,MO,,38.3046615,-92.437099,approximate,,,2017-11-03,2018-04-30,,,,,,2018-07-10 19:44:58.934400+00:00,2018-07-11 06:47:50.623900+00:00
352,ORR Individual Sponsor State,ORR,Individual Sponsor,Individual Sponsor in HI,,,,,HI,,20.46,-157.505,approximate,,,,,,,,,,2018-07-10 19:44:58.934400+00:00,2018-07-10 20:01:49.789100+00:00
367,ORR Individual Sponsor State,ORR,Individual Sponsor,Individual Sponsor in MT,,,,,MT,,46.6797995,-110.044783,approximate,,,,,,,,,,2018-07-10 19:44:58.934400+00:00,2018-07-10 20:01:49.789100+00:00
354,ORR Individual Sponsor State,ORR,Individual Sponsor,Individual Sponsor in IL,,,,,IL,,39.739318,-89.504139,approximate,,,2017-11-02,2018-04-30,,,,,,2018-07-10 19:44:58.934400+00:00,2018-07-11 06:47:48.573600+00:00
368,ORR Individual Sponsor State,ORR,Individual Sponsor,Individual Sponsor in NE,,,,,NE,,41.5008195,-99.680902,approximate,,,2017-11-01,2018-04-30,,,,,,2018-07-10 19:44:58.934400+00:00,2018-07-11 06:47:50.956300+00:00
369,ORR Individual Sponsor State,ORR,Individual Sponsor,Individual Sponsor in NV,,,,,NV,,38.502032,-117.0230604,approximate,,,2017-11-04,2018-04-27,,,,,,2018-07-10 19:44:58.934400+00:00,2018-07-11 06:47:51.132000+00:00
370,ORR Individual Sponsor State,ORR,Individual Sponsor,Individual Sponsor in NH,,,,,NH,,44.0012306,-71.5799231,approximate,,,2017-11-04,2018-04-19,,,,,,2018-07-10 19:44:58.934400+00:00,2018-07-11 06:47:51.309200+00:00
371,ORR Individual Sponsor State,ORR,Individual Sponsor,Individual Sponsor in NJ,,,,,NJ,,40.1430058,-74.7311156,approximate,,,2017-11-01,2018-04-30,,,,,,2018-07-10 19:44:58.934400+00:00,2018-07-11 06:47:51.475000+00:00
372,ORR Individual Sponsor State,ORR,Individual Sponsor,Individual Sponsor in NM,,,,,NM,,34.1662325,-106.0260685,approximate,,,2017-11-09,2018-04-26,,,,,,2018-07-10 19:44:58.934400+00:00,2018-07-11 06:47:51.646700+00:00
373,ORR Individual Sponsor State,ORR,Individual Sponsor,Individual Sponsor in NY,,,,,NY,,40.7056258,-73.97968,approximate,,,2017-11-01,2018-04-30,,,,,,2018-07-10 19:44:58.934400+00:00,2018-07-11 06:47:51.809200+00:00
374,ORR Individual Sponsor State,ORR,Individual Sponsor,Individual Sponsor in NC,,,,,NC,,35.2145629,-79.8912675,approximate,,,2017-11-01,2018-04-29,,,,,,2018-07-10 19:44:58.934400+00:00,2018-07-11 06:47:51.973000+00:00
375,ORR Individual Sponsor State,ORR,Individual Sponsor,Individual Sponsor in ND,,,,,ND,,47.4678819,-100.3022655,approximate,,,2018-02-04,2018-04-28,,,,,,2018-07-10 19:44:58.934400+00:00,2018-07-11 06:47:52.136500+00:00
376,ORR Individual Sponsor State,ORR,Individual Sponsor,Individual Sponsor in OH,,,,,OH,,40.1903624,-82.6692525,approximate,,,2017-11-01,2018-04-29,,,,,,2018-07-10 19:44:58.934400+00:00,2018-07-11 06:47:52.309700+00:00
377,ORR Individual Sponsor State,ORR,Individual Sponsor,Individual Sponsor in OK,,,,,OK,,35.3097654,-98.7165585,approximate,,,2017-11-03,2018-04-28,,,,,,2018-07-10 19:44:58.934400+00:00,2018-07-11 06:47:52.472600+00:00
378,ORR Individual Sponsor State,ORR,Individual Sponsor,Individual Sponsor in OR,,,,,OR,,44.1419049,-120.5380993,approximate,,,2017-11-02,2018-04-29,,,,,,2018-07-10 19:44:58.934400+00:00,2018-07-11 06:47:52.641600+00:00
379,ORR Individual Sponsor State,ORR,Individual Sponsor,Individual Sponsor in PA,,,,,PA,,40.9945928,-77.6046984,approximate,,,2017-11-01,2018-04-29,,,,,,2018-07-10 19:44:58.934400+00:00,2018-07-11 06:47:52.802900+00:00
380,ORR Individual Sponsor State,ORR,Individual Sponsor,Individual Sponsor in RI,,,,,RI,,41.5827282,-71.5064508,approximate,,,2017-11-02,2018-04-29,,,,,,2018-07-10 19:44:58.934400+00:00,2018-07-11 06:47:52.965500+00:00
347,ORR Individual Sponsor State,ORR,Individual Sponsor,Individual Sponsor in CT,,,,,CT,,41.5187835,-72.757507,approximate,,,2017-11-03,2018-04-29,,,,,,2018-07-10 19:44:58.934400+00:00,2018-07-11 06:47:47.417300+00:00
348,ORR Individual Sponsor State,ORR,Individual Sponsor,Individual Sponsor in DE,,,,,DE,,39.145251,-75.4189206,approximate,,,2017-11-04,2018-04-29,,,,,,2018-07-10 19:44:58.934400+00:00,2018-07-11 06:47:47.577500+00:00
349,ORR Individual Sponsor State,ORR,Individual Sponsor,Individual Sponsor in DC,,,,,DC,,38.8993487,-77.0145666,approximate,,,2017-11-01,2018-04-29,,,,,,2018-07-10 19:44:58.934400+00:00,2018-07-11 06:47:47.740000+00:00
355,ORR Individual Sponsor State,ORR,Individual Sponsor,Individual Sponsor in IN,,,,,IN,,39.7662195,-86.441277,approximate,,,2017-11-01,2018-04-30,,,,,,2018-07-10 19:44:58.934400+00:00,2018-07-11 06:47:48.755300+00:00
356,ORR Individual Sponsor State,ORR,Individual Sponsor,Individual Sponsor in IA,,,,,IA,,41.9383166,-93.389798,approximate,,,2017-11-02,2018-04-28,,,,,,2018-07-10 19:44:58.934400+00:00,2018-07-11 06:47:48.938600+00:00
357,ORR Individual Sponsor State,ORR,Individual Sponsor,Individual Sponsor in KS,,,,,KS,,38.4987789,-98.3200779,approximate,,,2017-11-02,2018-04-30,,,,,,2018-07-10 19:44:58.934400+00:00,2018-07-11 06:47:49.103600+00:00
358,ORR Individual Sponsor State,ORR,Individual Sponsor,Individual Sponsor in KY,,,,,KY,,37.8222935,-85.7682399,approximate,,,2017-11-01,2018-04-30,,,,,,2018-07-10 19:44:58.934400+00:00,2018-07-11 06:47:49.280500+00:00
381,ORR Individual Sponsor State,ORR,Individual Sponsor,Individual Sponsor in SC,,,,,SC,,33.62505,-80.9470381,approximate,,,2017-11-02,2018-04-30,,,,,,2018-07-10 19:44:58.934400+00:00,2018-07-11 06:47:53.129200+00:00
382,ORR Individual Sponsor State,ORR,Individual Sponsor,Individual Sponsor in SD,,,,,SD,,44.2126995,-100.2471641,approximate,,,2017-11-11,2018-04-20,,,,,,2018-07-10 19:44:58.934400+00:00,2018-07-11 06:47:53.306400+00:00
383,ORR Individual Sponsor State,ORR,Individual Sponsor,Individual Sponsor in TN,,,,,TN,,35.830521,-85.9785989,approximate,,,2017-11-01,2018-04-29,,,,,,2018-07-10 19:44:58.934400+00:00,2018-07-11 06:47:53.478700+00:00
384,ORR Individual Sponsor State,ORR,Individual Sponsor,Individual Sponsor in TX,,,,,TX,,31.1693363,-100.0768425,approximate,,,2017-11-01,2018-04-30,,,,,,2018-07-10 19:44:58.934400+00:00,2018-07-11 06:47:53.656200+00:00
385,ORR Individual Sponsor State,ORR,Individual Sponsor,Individual Sponsor in UT,,,,,UT,,39.4997605,-111.547028,approximate,,,2017-11-06,2018-04-17,,,,,,2018-07-10 19:44:58.934400+00:00,2018-07-11 06:47:53.823700+00:00
386,ORR Individual Sponsor State,ORR,Individual Sponsor,Individual Sponsor in VT,,,,,VT,,43.8717545,-72.4477828,approximate,,,2017-12-09,2018-02-07,,,,,,2018-07-10 19:44:58.934400+00:00,2018-07-11 06:47:53.984500+00:00
387,ORR Individual Sponsor State,ORR,Individual Sponsor,Individual Sponsor in VA,,,,,VA,,38.0033855,-79.4587861,approximate,,,2017-11-01,2018-04-30,,,,,,2018-07-10 19:44:58.934400+00:00,2018-07-11 06:47:54.146900+00:00
388,ORR Individual Sponsor State,ORR,Individual Sponsor,Individual Sponsor in WA,,,,,WA,,38.8993487,-77.0145665,approximate,,,2017-11-02,2018-04-30,,,,,,2018-07-10 19:44:58.934400+00:00,2018-07-11 06:47:54.325300+00:00
389,ORR Individual Sponsor State,ORR,Individual Sponsor,Individual Sponsor in WV,,,,,WV,,38.9201705,-80.1816905,approximate,,,2017-11-05,2018-04-27,,,,,,2018-07-10 19:44:58.934400+00:00,2018-07-11 06:47:54.497900+00:00
390,ORR Individual Sponsor State,ORR,Individual Sponsor,Individual Sponsor in WI,,,,,WI,,44.7862968,-89.8267049,approximate,,,2017-11-04,2018-04-25,,,,,,2018-07-10 19:44:58.934400+00:00,2018-07-11 06:47:54.664600+00:00
391,ORR Individual Sponsor State,ORR,Individual Sponsor,Individual Sponsor in WY,,,,,WY,,43.000325,-107.5545669,approximate,,,2017-11-02,2018-04-27,,,,,,2018-07-10 19:44:58.934400+00:00,2018-07-11 06:47:54.864300+00:00
